date,ticker,signal,prob_up,prob_down,sentiment,rsi,rsi_state,trend_state,volatility_state,vix,risk_regime,macro_adj,close,n_news,n_sentiments
2025-05-22,SPY,SELL,0.4,0.6,neutral,60.57,neutral,uptrend,high,20.280000686645508,NEUTRAL,0.0,576.4815063476562,0,0
2025-05-22,IWM,SELL,0.4,0.6,neutral,54.4,neutral,uptrend,high,20.280000686645508,NEUTRAL,0.0,201.0335693359375,0,0
2025-05-22,GLD,SELL,0.4,0.6,neutral,53.03,neutral,uptrend,high,20.280000686645508,NEUTRAL,0.0,303.1099853515625,0,0
2025-05-23,SPY,SELL,0.4,0.6,neutral,57.31,neutral,uptrend,high,22.290000915527344,NEUTRAL,0.0,572.5465087890625,0,0
2025-05-23,IWM,SELL,0.4,0.6,neutral,53.26,neutral,uptrend,high,22.290000915527344,NEUTRAL,0.0,200.400390625,0,0
2025-05-23,GLD,SELL,0.4,0.6,neutral,58.03,neutral,uptrend,high,22.290000915527344,NEUTRAL,0.0,309.75,0,0
2025-05-26,SPY,SELL,0.4,0.6,neutral,57.31,neutral,uptrend,high,22.290000915527344,NEUTRAL,0.0,572.5465087890625,0,0
2025-05-26,IWM,SELL,0.4,0.6,neutral,53.26,neutral,uptrend,high,22.290000915527344,NEUTRAL,0.0,200.400390625,0,0
2025-05-26,GLD,SELL,0.4,0.6,neutral,58.03,neutral,uptrend,high,22.290000915527344,NEUTRAL,0.0,309.75,0,0
2025-05-27,SPY,SELL,0.4,0.6,neutral,63.69,neutral,uptrend,high,18.959999084472656,NEUTRAL,0.0,584.4501342773438,23,9
2025-05-27,IWM,SELL,0.4,0.6,neutral,60.42,neutral,uptrend,high,18.959999084472656,NEUTRAL,0.0,205.485595703125,7,5
2025-05-27,GLD,SELL,0.4,0.6,neutral,53.21,neutral,uptrend,high,18.959999084472656,NEUTRAL,0.0,304.5,7,7
2025-05-28,SPY,SELL,0.4,0.6,neutral,60.9,neutral,uptrend,high,19.309999465942383,NEUTRAL,0.0,581.06884765625,28,10
2025-05-28,IWM,BUY,0.65,0.35,bullish,56.45,neutral,uptrend,high,19.309999465942383,NEUTRAL,0.0,203.3189239501953,11,8
2025-05-28,GLD,SELL,0.4,0.6,neutral,52.59,neutral,uptrend,high,19.309999465942383,NEUTRAL,0.0,303.80999755859375,7,6
2025-05-29,SPY,SELL,0.15,0.85,bearish,62.11,neutral,uptrend,high,19.18000030517578,NEUTRAL,0.0,583.3626098632812,24,8
2025-05-29,IWM,SELL,0.4,0.6,neutral,57.29,neutral,uptrend,high,19.18000030517578,NEUTRAL,0.0,203.9224395751953,12,9
2025-05-29,GLD,SELL,0.4,0.6,neutral,54.09,neutral,uptrend,high,19.18000030517578,NEUTRAL,0.0,305.6099853515625,7,6
2025-05-30,SPY,SELL,0.15,0.85,bearish,61.53,neutral,uptrend,high,18.56999969482422,NEUTRAL,0.0,582.7100830078125,31,9
2025-05-30,IWM,SELL,0.4,0.6,neutral,55.31,neutral,uptrend,high,18.56999969482422,NEUTRAL,0.0,202.88363647460938,14,9
2025-05-30,GLD,SELL,0.4,0.6,neutral,52.1,neutral,uptrend,high,18.56999969482422,NEUTRAL,0.0,303.6000061035156,6,5
2025-06-02,SPY,SELL,0.4,0.6,neutral,63.39,neutral,uptrend,high,18.360000610351562,NEUTRAL,0.0,585.992431640625,0,0
2025-06-02,IWM,SELL,0.4,0.6,neutral,56.3,neutral,uptrend,high,18.360000610351562,NEUTRAL,0.0,203.51683044433594,0,0
2025-06-02,GLD,SELL,0.4,0.6,neutral,58.65,neutral,uptrend,high,18.360000610351562,NEUTRAL,0.0,311.6700134277344,8,8
2025-06-03,SPY,HOLD,0.44,0.56,neutral,65.24,neutral,uptrend,high,17.690000534057617,RISK_ON,0.04,589.3341674804688,0,0
2025-06-03,IWM,HOLD,0.44,0.56,neutral,61.12,neutral,uptrend,high,17.690000534057617,RISK_ON,0.04,206.80140686035156,0,0
2025-06-03,GLD,HOLD,0.44,0.56,neutral,55.84,neutral,uptrend,high,17.690000534057617,RISK_ON,0.04,308.9100036621094,13,10
2025-06-04,SPY,HOLD,0.44,0.56,neutral,65.07,neutral,uptrend,high,17.610000610351562,RISK_ON,0.04,589.176025390625,0,0
2025-06-04,IWM,SELL,0.19,0.81,bearish,59.86,neutral,uptrend,high,17.610000610351562,RISK_ON,0.04,206.21771240234375,1,1
2025-06-04,GLD,HOLD,0.44,0.56,neutral,57.43,neutral,uptrend,high,17.610000610351562,RISK_ON,0.04,310.8999938964844,8,7
2025-06-05,SPY,SELL,0.4,0.6,neutral,61.99,neutral,uptrend,high,18.479999542236328,NEUTRAL,0.0,586.3285522460938,0,0
2025-06-05,IWM,SELL,0.15,0.85,bearish,59.99,neutral,uptrend,high,18.479999542236328,NEUTRAL,0.0,206.30674743652344,8,7
2025-06-05,GLD,BUY,0.65,0.35,bullish,55.73,neutral,uptrend,high,18.479999542236328,NEUTRAL,0.0,309.3299865722656,3,3
2025-06-06,SPY,HOLD,0.44,0.56,neutral,65.69,neutral,uptrend,high,16.770000457763672,RISK_ON,0.04,592.349609375,0,0
2025-06-06,IWM,BUY,0.69,0.31,bullish,64.8,neutral,uptrend,high,16.770000457763672,RISK_ON,0.04,209.6407928466797,14,10
2025-06-06,GLD,HOLD,0.44,0.56,neutral,51.4,neutral,uptrend,high,16.770000457763672,RISK_ON,0.04,305.17999267578125,10,8
2025-06-09,SPY,HOLD,0.49,0.51,neutral,66.01,neutral,uptrend,low,17.15999984741211,RISK_ON,0.04,592.8834228515625,0,0
2025-06-09,IWM,HOLD,0.44,0.56,neutral,66.66,neutral,uptrend,high,17.15999984741211,RISK_ON,0.04,211.08526611328125,7,7
2025-06-09,GLD,HOLD,0.44,0.56,neutral,52.77,neutral,uptrend,high,17.15999984741211,RISK_ON,0.04,306.6199951171875,7,7
2025-06-10,SPY,HOLD,0.49,0.51,neutral,68.01,neutral,uptrend,low,16.950000762939453,RISK_ON,0.04,596.2449340820312,0,0
2025-06-10,IWM,SELL,0.19,0.81,bearish,68.1,neutral,uptrend,high,16.950000762939453,RISK_ON,0.04,212.2229766845703,13,8
2025-06-10,GLD,BUY,0.69,0.31,bullish,52.86,neutral,uptrend,high,16.950000762939453,RISK_ON,0.04,306.7099914550781,4,3
2025-06-11,SPY,HOLD,0.49,0.51,neutral,65.9,neutral,uptrend,low,17.260000228881836,RISK_ON,0.04,594.5443725585938,0,0
2025-06-11,IWM,SELL,0.19,0.81,bearish,65.77,neutral,uptrend,high,17.260000228881836,RISK_ON,0.04,211.35238647460938,18,7
2025-06-11,GLD,HOLD,0.44,0.56,neutral,54.57,neutral,uptrend,high,17.260000228881836,RISK_ON,0.04,308.3699951171875,5,5
2025-06-12,SPY,HOLD,0.45,0.55,neutral,67.41,neutral,uptrend,low,18.020000457763672,NEUTRAL,0.0,596.9072875976562,0,0
2025-06-12,IWM,SELL,0.4,0.6,neutral,63.5,neutral,uptrend,high,18.020000457763672,NEUTRAL,0.0,210.51141357421875,17,9
2025-06-12,GLD,SELL,0.4,0.6,neutral,58.33,neutral,uptrend,high,18.020000457763672,NEUTRAL,0.0,312.20001220703125,5,5
2025-06-13,SPY,HOLD,0.45,0.55,neutral,59.39,neutral,uptrend,low,20.81999969482422,NEUTRAL,0.0,590.2338256835938,0,0
2025-06-13,IWM,SELL,0.4,0.6,neutral,54.29,neutral,uptrend,high,20.81999969482422,NEUTRAL,0.0,206.66290283203125,12,9
2025-06-13,GLD,SELL,0.4,0.6,neutral,61.95,neutral,uptrend,high,20.81999969482422,NEUTRAL,0.0,316.2900085449219,9,8
2025-06-16,SPY,HOLD,0.45,0.55,neutral,63.34,neutral,uptrend,low,19.110000610351562,NEUTRAL,0.0,595.8494873046875,0,0
2025-06-16,IWM,SELL,0.4,0.6,neutral,58.41,neutral,uptrend,high,19.110000610351562,NEUTRAL,0.0,209.0994415283203,14,8
2025-06-16,GLD,SELL,0.4,0.6,neutral,56.15,neutral,uptrend,high,19.110000610351562,NEUTRAL,0.0,311.7799987792969,8,8
2025-06-17,SPY,HOLD,0.45,0.55,neutral,57.85,neutral,uptrend,low,21.600000381469727,NEUTRAL,0.0,590.7578125,0,0
2025-06-17,IWM,SELL,0.15,0.85,bearish,53.7,neutral,uptrend,high,21.600000381469727,NEUTRAL,0.0,206.89703369140625,16,7
2025-06-17,GLD,HOLD,0.45,0.55,neutral,56.31,neutral,uptrend,low,21.600000381469727,NEUTRAL,0.0,311.94000244140625,12,9
2025-06-18,SPY,HOLD,0.45,0.55,neutral,57.75,neutral,uptrend,low,20.139999389648438,NEUTRAL,0.0,590.6688232421875,0,0
2025-06-18,IWM,SELL,0.4,0.6,neutral,55.61,neutral,uptrend,high,20.139999389648438,NEUTRAL,0.0,207.98829650878906,11,9
2025-06-18,GLD,BUY,0.7,0.3,bullish,54.13,neutral,uptrend,low,20.139999389648438,NEUTRAL,0.0,310.260009765625,8,7
2025-06-19,SPY,HOLD,0.45,0.55,neutral,57.75,neutral,uptrend,low,20.139999389648438,NEUTRAL,0.0,590.6688232421875,0,0
2025-06-19,IWM,SELL,0.4,0.6,neutral,55.61,neutral,uptrend,high,20.139999389648438,NEUTRAL,0.0,207.98829650878906,8,7
2025-06-19,GLD,SELL,0.2,0.8,bearish,54.13,neutral,uptrend,low,20.139999389648438,NEUTRAL,0.0,310.260009765625,6,6
2025-06-20,SPY,SELL,0.2,0.8,bearish,56.22,neutral,uptrend,low,20.6200008392334,NEUTRAL,0.0,589.2816162109375,27,9
2025-06-20,IWM,SELL,0.15,0.85,bearish,54.64,neutral,uptrend,high,20.6200008392334,NEUTRAL,0.0,207.55181884765625,10,10
2025-06-20,GLD,HOLD,0.45,0.55,neutral,53.96,neutral,uptrend,low,20.6200008392334,NEUTRAL,0.0,310.1300048828125,8,8
2025-06-23,SPY,HOLD,0.45,0.55,neutral,60.92,neutral,uptrend,low,19.829999923706055,NEUTRAL,0.0,595.1021728515625,40,7
2025-06-23,IWM,SELL,0.4,0.6,neutral,59.11,neutral,uptrend,high,19.829999923706055,NEUTRAL,0.0,210.0915069580078,14,9
2025-06-23,GLD,SELL,0.2,0.8,bearish,55.09,neutral,uptrend,low,19.829999923706055,NEUTRAL,0.0,311.0799865722656,11,9
2025-06-24,SPY,HOLD,0.49,0.51,neutral,65.44,neutral,uptrend,low,17.479999542236328,RISK_ON,0.04,601.676513671875,25,7
2025-06-24,IWM,HOLD,0.44,0.56,neutral,63.22,neutral,uptrend,high,17.479999542236328,RISK_ON,0.04,212.77012634277344,5,5
2025-06-24,GLD,SELL,0.24,0.76,bearish,48.47,neutral,uptrend,low,17.479999542236328,RISK_ON,0.04,306.19000244140625,13,9
2025-06-25,SPY,BUY,0.74,0.26,bullish,65.66,neutral,uptrend,low,16.760000228881836,RISK_ON,0.04,602.0135498046875,26,8
2025-06-25,IWM,BUY,0.69,0.31,bullish,57.46,neutral,uptrend,high,16.760000228881836,RISK_ON,0.04,210.28993225097656,6,4
2025-06-25,GLD,HOLD,0.49,0.51,neutral,49.7,neutral,uptrend,low,16.760000228881836,RISK_ON,0.04,307.1199951171875,12,9
2025-06-26,SPY,BUY,0.74,0.26,bullish,68.65,neutral,uptrend,low,16.59000015258789,RISK_ON,0.04,606.7236328125,25,9
2025-06-26,IWM,HOLD,0.44,0.56,neutral,62.52,neutral,uptrend,high,16.59000015258789,RISK_ON,0.04,213.70266723632812,10,8
2025-06-26,GLD,SELL,0.24,0.76,bearish,49.24,neutral,uptrend,low,16.59000015258789,RISK_ON,0.04,306.7799987792969,9,7
2025-06-27,SPY,BUY,0.79,0.21,neutral,70.42,overbought,uptrend,low,16.31999969482422,RISK_ON,0.04,609.7380981445312,29,8
2025-06-27,IWM,HOLD,0.44,0.56,neutral,62.62,neutral,uptrend,high,16.31999969482422,RISK_ON,0.04,213.7720947265625,13,8
2025-06-27,GLD,SELL,0.24,0.76,bearish,42.26,neutral,uptrend,low,16.31999969482422,RISK_ON,0.04,301.2200012207031,6,6
2025-06-30,SPY,BUY,0.94,0.06,bullish,72.07,overbought,uptrend,low,16.729999542236328,RISK_ON,0.04,612.6533203125,39,9
2025-06-30,IWM,SELL,0.19,0.81,bearish,63.08,neutral,uptrend,high,16.729999542236328,RISK_ON,0.04,214.0796356201172,12,9
2025-06-30,GLD,SELL,0.24,0.76,bearish,47.47,neutral,uptrend,low,16.729999542236328,RISK_ON,0.04,304.8299865722656,8,7
2025-07-01,SPY,BUY,0.74,0.26,neutral,71.78,overbought,uptrend,high,16.829999923706055,RISK_ON,0.04,612.455078125,0,0
2025-07-01,IWM,HOLD,0.44,0.56,neutral,66.27,neutral,uptrend,high,16.829999923706055,RISK_ON,0.04,216.2820587158203,0,0
2025-07-01,GLD,HOLD,0.49,0.51,neutral,51.05,neutral,uptrend,low,16.829999923706055,RISK_ON,0.04,307.54998779296875,11,9
2025-07-02,SPY,BUY,0.74,0.26,neutral,73.41,overbought,uptrend,high,16.639999389648438,RISK_ON,0.04,615.2315063476562,0,0
2025-07-02,IWM,BUY,0.74,0.26,neutral,70.06,overbought,uptrend,high,16.639999389648438,RISK_ON,0.04,219.2781219482422,0,0
2025-07-02,GLD,HOLD,0.49,0.51,neutral,53.2,neutral,uptrend,low,16.639999389648438,RISK_ON,0.04,309.25,12,10
2025-07-03,SPY,BUY,0.74,0.26,neutral,76.01,overbought,uptrend,high,16.3799991607666,RISK_ON,0.04,620.0803833007812,0,0
2025-07-03,IWM,BUY,0.74,0.26,neutral,72.33,overbought,uptrend,high,16.3799991607666,RISK_ON,0.04,221.3118896484375,0,0
2025-07-03,GLD,SELL,0.24,0.76,bearish,50.25,neutral,uptrend,low,16.3799991607666,RISK_ON,0.04,307.1400146484375,11,10
2025-07-04,SPY,BUY,0.74,0.26,neutral,76.01,overbought,uptrend,high,16.3799991607666,RISK_ON,0.04,620.0803833007812,0,0
2025-07-04,IWM,BUY,0.74,0.26,neutral,72.33,overbought,uptrend,high,16.3799991607666,RISK_ON,0.04,221.3118896484375,0,0
2025-07-04,GLD,BUY,0.74,0.26,bullish,50.25,neutral,uptrend,low,16.3799991607666,RISK_ON,0.04,307.1400146484375,2,1
2025-07-07,SPY,HOLD,0.44,0.56,neutral,69.07,neutral,uptrend,high,17.790000915527344,RISK_ON,0.04,615.4595336914062,0,0
2025-07-07,IWM,HOLD,0.44,0.56,neutral,63.81,neutral,uptrend,high,17.790000915527344,RISK_ON,0.04,217.9884033203125,0,0
2025-07-07,GLD,HOLD,0.49,0.51,neutral,50.57,neutral,uptrend,low,17.790000915527344,RISK_ON,0.04,307.3699951171875,9,9
2025-07-08,SPY,HOLD,0.44,0.56,neutral,68.58,neutral,uptrend,high,16.809999465942383,RISK_ON,0.04,615.1224365234375,0,0
2025-07-08,IWM,HOLD,0.44,0.56,neutral,65.78,neutral,uptrend,high,16.809999465942383,RISK_ON,0.04,219.49636840820312,0,0
2025-07-08,GLD,HOLD,0.49,0.51,neutral,46.09,neutral,uptrend,low,16.809999465942383,RISK_ON,0.04,304.1600036621094,10,9
2025-07-09,SPY,BUY,0.74,0.26,neutral,71.01,overbought,uptrend,high,15.9399995803833,RISK_ON,0.04,618.8110961914062,0,0
2025-07-09,IWM,HOLD,0.44,0.56,neutral,68.68,neutral,uptrend,high,15.9399995803833,RISK_ON,0.04,221.8773651123047,0,0
2025-07-09,GLD,HOLD,0.49,0.51,neutral,48.19,neutral,uptrend,low,15.9399995803833,RISK_ON,0.04,305.5199890136719,8,8
2025-07-10,SPY,BUY,0.74,0.26,neutral,72.11,overbought,uptrend,high,15.779999732971191,RISK_ON,0.04,620.5563354492188,0,0
2025-07-10,IWM,HOLD,0.44,0.56,neutral,69.99,neutral,uptrend,high,15.779999732971191,RISK_ON,0.04,223.0182342529297,0,0
2025-07-10,GLD,BUY,0.74,0.26,bullish,49.25,neutral,uptrend,low,15.779999732971191,RISK_ON,0.04,306.20001220703125,6,4
2025-07-11,SPY,HOLD,0.44,0.56,neutral,68.6,neutral,uptrend,high,16.399999618530273,RISK_ON,0.04,618.3748168945312,0,0
2025-07-11,IWM,HOLD,0.44,0.56,neutral,62.4,neutral,uptrend,high,16.399999618530273,RISK_ON,0.04,219.94281005859375,0,0
2025-07-11,GLD,BUY,0.74,0.26,bullish,53.66,neutral,uptrend,low,16.399999618530273,RISK_ON,0.04,309.1400146484375,11,9
2025-07-14,SPY,HOLD,0.44,0.56,neutral,69.47,neutral,uptrend,high,17.200000762939453,RISK_ON,0.04,619.5548095703125,0,0
2025-07-14,IWM,HOLD,0.44,0.56,neutral,64.4,neutral,uptrend,high,17.200000762939453,RISK_ON,0.04,221.42100524902344,10,8
2025-07-14,GLD,BUY,0.74,0.26,bullish,51.8,neutral,uptrend,low,17.200000762939453,RISK_ON,0.04,308.010009765625,3,3
2025-07-15,SPY,HOLD,0.44,0.56,neutral,65.13,neutral,uptrend,high,17.3799991607666,RISK_ON,0.04,616.9072875976562,0,0
2025-07-15,IWM,HOLD,0.44,0.56,neutral,55.14,neutral,uptrend,high,17.3799991607666,RISK_ON,0.04,217.0856475830078,20,10
2025-07-15,GLD,BUY,0.74,0.26,bullish,49.69,neutral,uptrend,low,17.3799991607666,RISK_ON,0.04,306.7300109863281,15,9
2025-07-16,SPY,HOLD,0.44,0.56,neutral,66.87,neutral,uptrend,high,17.15999984741211,RISK_ON,0.04,618.9697265625,0,0
2025-07-16,IWM,HOLD,0.44,0.56,neutral,58.39,neutral,uptrend,high,17.15999984741211,RISK_ON,0.04,219.26821899414062,18,7
2025-07-16,GLD,HOLD,0.49,0.51,neutral,52.19,neutral,uptrend,low,17.15999984741211,RISK_ON,0.04,308.260009765625,8,6
2025-07-17,SPY,HOLD,0.44,0.56,neutral,69.84,neutral,uptrend,high,16.520000457763672,RISK_ON,0.04,622.7576293945312,0,0
2025-07-17,IWM,HOLD,0.44,0.56,neutral,62.26,neutral,uptrend,high,16.520000457763672,RISK_ON,0.04,222.1452178955078,23,10
2025-07-17,GLD,HOLD,0.49,0.51,neutral,51.0,neutral,uptrend,low,16.520000457763672,RISK_ON,0.04,307.5899963378906,5,5
2025-07-18,SPY,HOLD,0.44,0.56,neutral,69.03,neutral,uptrend,high,16.40999984741211,RISK_ON,0.04,622.301513671875,0,0
2025-07-18,IWM,HOLD,0.44,0.56,neutral,59.02,neutral,uptrend,high,16.40999984741211,RISK_ON,0.04,220.5678253173828,14,10
2025-07-18,GLD,HOLD,0.49,0.51,neutral,52.4,neutral,uptrend,low,16.40999984741211,RISK_ON,0.04,308.3900146484375,5,4
2025-07-21,SPY,HOLD,0.49,0.51,neutral,69.99,neutral,uptrend,low,16.649999618530273,RISK_ON,0.04,623.4815063476562,0,0
2025-07-21,IWM,HOLD,0.44,0.56,neutral,57.2,neutral,uptrend,high,16.649999618530273,RISK_ON,0.04,219.67494201660156,17,10
2025-07-21,GLD,HOLD,0.49,0.51,neutral,59.76,neutral,uptrend,low,16.649999618530273,RISK_ON,0.04,313.1300048828125,5,5
2025-07-22,SPY,BUY,0.79,0.21,neutral,70.07,overbought,uptrend,low,16.5,RISK_ON,0.04,623.5706787109375,22,9
2025-07-22,IWM,HOLD,0.44,0.56,neutral,59.92,neutral,uptrend,high,16.5,RISK_ON,0.04,221.50038146972656,13,10
2025-07-22,GLD,BUY,0.74,0.26,bullish,63.56,neutral,uptrend,low,16.5,RISK_ON,0.04,316.1000061035156,8,7
2025-07-23,SPY,BUY,0.79,0.21,neutral,74.23,overbought,uptrend,low,15.369999885559082,RISK_ON,0.04,628.8757934570312,24,9
2025-07-23,IWM,HOLD,0.44,0.56,neutral,64.42,neutral,uptrend,high,15.369999885559082,RISK_ON,0.04,224.88333129882812,14,10
2025-07-23,GLD,BUY,0.74,0.26,bullish,56.04,neutral,uptrend,low,15.369999885559082,RISK_ON,0.04,312.17999267578125,2,1
2025-07-24,SPY,BUY,0.79,0.21,neutral,74.38,overbought,uptrend,low,15.390000343322754,RISK_ON,0.04,629.083984375,20,8
2025-07-24,IWM,HOLD,0.44,0.56,neutral,57.98,neutral,uptrend,high,15.390000343322754,RISK_ON,0.04,221.7781524658203,6,4
2025-07-24,GLD,BUY,0.74,0.26,bullish,52.76,neutral,uptrend,low,15.390000343322754,RISK_ON,0.04,310.2699890136719,4,4
2025-07-25,SPY,HOLD,0.54,0.46,bearish,76.28,overbought,uptrend,low,14.930000305175781,RISK_ON,0.04,631.741455078125,29,10
2025-07-25,IWM,HOLD,0.44,0.56,neutral,59.15,neutral,uptrend,high,14.930000305175781,RISK_ON,0.04,222.60157775878906,18,10
2025-07-25,GLD,HOLD,0.49,0.51,neutral,48.2,neutral,uptrend,low,14.930000305175781,RISK_ON,0.04,307.3999938964844,7,7
2025-07-28,SPY,BUY,0.79,0.21,neutral,75.92,overbought,uptrend,low,15.029999732971191,RISK_ON,0.04,631.582763671875,35,9
2025-07-28,IWM,HOLD,0.49,0.51,neutral,58.6,neutral,uptrend,low,15.029999732971191,RISK_ON,0.04,222.3436279296875,14,9
2025-07-28,GLD,HOLD,0.49,0.51,neutral,45.28,neutral,uptrend,low,15.029999732971191,RISK_ON,0.04,305.4100036621094,9,9
2025-07-29,SPY,BUY,0.79,0.21,neutral,72.05,overbought,uptrend,low,15.979999542236328,RISK_ON,0.04,629.9169311523438,37,10
2025-07-29,IWM,HOLD,0.49,0.51,neutral,55.54,neutral,uptrend,low,15.979999542236328,RISK_ON,0.04,220.9249725341797,22,10
2025-07-29,GLD,BUY,0.74,0.26,bullish,46.75,neutral,uptrend,low,15.979999542236328,RISK_ON,0.04,306.25,10,9
2025-07-30,SPY,HOLD,0.54,0.46,bearish,70.21,overbought,uptrend,low,15.479999542236328,RISK_ON,0.04,629.1236572265625,43,9
2025-07-30,IWM,SELL,0.24,0.76,bearish,53.19,neutral,uptrend,low,15.479999542236328,RISK_ON,0.04,219.80392456054688,20,9
2025-07-30,GLD,BUY,0.74,0.26,bullish,39.55,neutral,uptrend,low,15.479999542236328,RISK_ON,0.04,300.9599914550781,6,6
2025-07-31,SPY,BUY,0.74,0.26,bullish,64.91,neutral,uptrend,low,16.719999313354492,RISK_ON,0.04,626.763671875,27,10
2025-07-31,IWM,HOLD,0.49,0.51,neutral,48.89,neutral,uptrend,low,16.719999313354492,RISK_ON,0.04,217.651123046875,20,9
2025-07-31,GLD,HOLD,0.49,0.51,neutral,43.12,neutral,downtrend,low,16.719999313354492,RISK_ON,0.04,302.9599914550781,6,6
2025-08-01,SPY,HOLD,0.45,0.55,neutral,47.95,neutral,uptrend,low,20.3799991607666,NEUTRAL,0.0,616.4907836914062,0,0
2025-08-01,IWM,HOLD,0.45,0.55,neutral,41.47,neutral,uptrend,low,20.3799991607666,NEUTRAL,0.0,213.216552734375,0,0
2025-08-01,GLD,SELL,0.2,0.8,bearish,52.41,neutral,downtrend,low,20.3799991607666,NEUTRAL,0.0,309.1099853515625,9,9
2025-08-04,SPY,HOLD,0.49,0.51,neutral,58.58,neutral,uptrend,low,17.520000457763672,RISK_ON,0.04,625.8612670898438,0,0
2025-08-04,IWM,HOLD,0.49,0.51,neutral,50.23,neutral,uptrend,low,17.520000457763672,RISK_ON,0.04,217.9884033203125,0,0
2025-08-04,GLD,HOLD,0.49,0.51,neutral,54.74,neutral,downtrend,low,17.520000457763672,RISK_ON,0.04,310.9100036621094,5,4
2025-08-05,SPY,HOLD,0.49,0.51,neutral,54.52,neutral,uptrend,low,17.850000381469727,RISK_ON,0.04,622.6881713867188,0,0
2025-08-05,IWM,HOLD,0.49,0.51,neutral,52.03,neutral,uptrend,low,17.850000381469727,RISK_ON,0.04,219.09954833984375,0,0
2025-08-05,GLD,HOLD,0.49,0.51,neutral,55.07,neutral,uptrend,low,17.850000381469727,RISK_ON,0.04,311.1600036621094,7,7
2025-08-06,SPY,HOLD,0.49,0.51,neutral,59.11,neutral,uptrend,low,16.770000457763672,RISK_ON,0.04,627.4578247070312,0,0
2025-08-06,IWM,HOLD,0.49,0.51,neutral,51.51,neutral,uptrend,low,16.770000457763672,RISK_ON,0.04,218.8118438720703,0,0
2025-08-06,GLD,HOLD,0.49,0.51,neutral,53.95,neutral,uptrend,low,16.770000457763672,RISK_ON,0.04,310.5,4,4
2025-08-07,SPY,HOLD,0.49,0.51,neutral,58.41,neutral,uptrend,low,16.56999969482422,RISK_ON,0.04,626.9322509765625,0,0
2025-08-07,IWM,HOLD,0.49,0.51,neutral,50.17,neutral,uptrend,low,16.56999969482422,RISK_ON,0.04,218.0975341796875,0,0
2025-08-07,GLD,BUY,0.74,0.26,bullish,57.62,neutral,uptrend,low,16.56999969482422,RISK_ON,0.04,313.1199951171875,5,5
2025-08-08,SPY,HOLD,0.49,0.51,neutral,62.82,neutral,uptrend,low,15.149999618530273,RISK_ON,0.04,631.82080078125,0,0
2025-08-08,IWM,HOLD,0.49,0.51,neutral,51.08,neutral,uptrend,low,15.149999618530273,RISK_ON,0.04,218.57376098632812,0,0
2025-08-08,GLD,HOLD,0.49,0.51,neutral,57.49,neutral,uptrend,low,15.149999618530273,RISK_ON,0.04,313.04998779296875,11,9
2025-08-11,SPY,HOLD,0.49,0.51,neutral,61.04,neutral,uptrend,low,16.25,RISK_ON,0.04,630.5712890625,0,0
2025-08-11,IWM,HOLD,0.49,0.51,neutral,50.98,neutral,uptrend,low,16.25,RISK_ON,0.04,218.52415466308594,0,0
2025-08-11,GLD,HOLD,0.49,0.51,neutral,49.63,neutral,uptrend,low,16.25,RISK_ON,0.04,308.54998779296875,10,9
2025-08-12,SPY,HOLD,0.49,0.51,neutral,66.53,neutral,uptrend,low,14.729999542236328,RISK_ON,0.04,637.284423828125,0,0
2025-08-12,IWM,SELL,0.24,0.76,bearish,61.97,neutral,uptrend,low,14.729999542236328,RISK_ON,0.04,225.01231384277344,10,10
2025-08-12,GLD,HOLD,0.49,0.51,neutral,49.18,neutral,uptrend,low,14.729999542236328,RISK_ON,0.04,308.2699890136719,8,7
2025-08-13,SPY,HOLD,0.49,0.51,neutral,68.1,neutral,uptrend,low,14.489999771118164,RISK_ON,0.04,639.4659423828125,0,0
2025-08-13,IWM,HOLD,0.44,0.56,neutral,67.29,neutral,uptrend,high,14.489999771118164,RISK_ON,0.04,229.38735961914062,11,8
2025-08-13,GLD,HOLD,0.49,0.51,neutral,50.79,neutral,uptrend,low,14.489999771118164,RISK_ON,0.04,309.2099914550781,6,6
2025-08-14,SPY,HOLD,0.49,0.51,neutral,68.14,neutral,uptrend,low,14.829999923706055,RISK_ON,0.04,639.5254516601562,0,0
2025-08-14,IWM,SELL,0.19,0.81,bearish,61.07,neutral,uptrend,high,14.829999923706055,RISK_ON,0.04,226.43096923828125,18,10
2025-08-14,GLD,BUY,0.74,0.26,bullish,47.41,neutral,uptrend,low,14.829999923706055,RISK_ON,0.04,307.25,5,5
2025-08-15,SPY,HOLD,0.49,0.51,neutral,65.69,neutral,uptrend,low,15.09000015258789,RISK_ON,0.04,638.0281372070312,0,0
2025-08-15,IWM,HOLD,0.44,0.56,neutral,58.89,neutral,uptrend,high,15.09000015258789,RISK_ON,0.04,225.3297882080078,17,9
2025-08-15,GLD,BUY,0.74,0.26,bullish,47.76,neutral,uptrend,low,15.09000015258789,RISK_ON,0.04,307.42999267578125,2,2
2025-08-18,SPY,HOLD,0.49,0.51,neutral,65.45,neutral,uptrend,low,14.989999771118164,RISK_ON,0.04,637.8892822265625,0,0
2025-08-18,IWM,HOLD,0.44,0.56,neutral,60.04,neutral,uptrend,high,14.989999771118164,RISK_ON,0.04,226.15321350097656,21,10
2025-08-18,GLD,HOLD,0.49,0.51,neutral,46.87,neutral,uptrend,low,14.989999771118164,RISK_ON,0.04,306.95001220703125,7,7
2025-08-19,SPY,HOLD,0.49,0.51,neutral,59.71,neutral,uptrend,low,15.569999694824219,RISK_ON,0.04,634.4286499023438,0,0
2025-08-19,IWM,HOLD,0.44,0.56,neutral,56.45,neutral,uptrend,high,15.569999694824219,RISK_ON,0.04,224.4170684814453,9,7
2025-08-19,GLD,SELL,0.24,0.76,bearish,43.83,neutral,downtrend,low,15.569999694824219,RISK_ON,0.04,305.2699890136719,8,8
2025-08-20,SPY,HOLD,0.49,0.51,neutral,57.08,neutral,uptrend,low,15.6899995803833,RISK_ON,0.04,632.7429809570312,11,9
2025-08-20,IWM,HOLD,0.44,0.56,neutral,54.84,neutral,uptrend,high,15.6899995803833,RISK_ON,0.04,223.62339782714844,12,9
2025-08-20,GLD,BUY,0.74,0.26,bullish,50.24,neutral,downtrend,low,15.6899995803833,RISK_ON,0.04,308.3599853515625,10,9
2025-08-21,SPY,HOLD,0.49,0.51,neutral,53.28,neutral,uptrend,low,16.600000381469727,RISK_ON,0.04,630.2044677734375,25,7
2025-08-21,IWM,HOLD,0.44,0.56,neutral,55.79,neutral,uptrend,high,16.600000381469727,RISK_ON,0.04,224.17898559570312,15,8
2025-08-21,GLD,SELL,0.24,0.76,bearish,48.19,neutral,downtrend,low,16.600000381469727,RISK_ON,0.04,307.2900085449219,5,4
2025-08-22,SPY,HOLD,0.49,0.51,neutral,63.31,neutral,uptrend,low,14.220000267028809,RISK_ON,0.04,639.88232421875,35,10
2025-08-22,IWM,HOLD,0.44,0.56,neutral,67.48,neutral,uptrend,high,14.220000267028809,RISK_ON,0.04,232.96875,19,9
2025-08-22,GLD,HOLD,0.49,0.51,neutral,54.35,neutral,downtrend,low,14.220000267028809,RISK_ON,0.04,310.5799865722656,4,4
2025-08-25,SPY,HOLD,0.49,0.51,neutral,59.32,neutral,uptrend,low,14.789999961853027,RISK_ON,0.04,637.0662231445312,26,10
2025-08-25,IWM,HOLD,0.44,0.56,neutral,62.51,neutral,uptrend,high,14.789999961853027,RISK_ON,0.04,230.518310546875,11,10
2025-08-25,GLD,BUY,0.74,0.26,bullish,52.81,neutral,downtrend,low,14.789999961853027,RISK_ON,0.04,309.8299865722656,1,1
2025-08-26,SPY,HOLD,0.49,0.51,neutral,61.78,neutral,uptrend,low,14.619999885559082,RISK_ON,0.04,639.733642578125,30,9
2025-08-26,IWM,HOLD,0.44,0.56,neutral,64.69,neutral,uptrend,high,14.619999885559082,RISK_ON,0.04,232.423095703125,18,10
2025-08-26,GLD,SELL,0.24,0.76,bearish,56.78,neutral,uptrend,low,14.619999885559082,RISK_ON,0.04,312.0799865722656,3,3
2025-08-27,SPY,HOLD,0.49,0.51,neutral,63.09,neutral,uptrend,low,14.850000381469727,RISK_ON,0.04,641.1912841796875,23,9
2025-08-27,IWM,HOLD,0.44,0.56,neutral,66.5,neutral,uptrend,high,14.850000381469727,RISK_ON,0.04,234.0699462890625,14,10
2025-08-27,GLD,BUY,0.74,0.26,bullish,57.84,neutral,uptrend,low,14.850000381469727,RISK_ON,0.04,312.7099914550781,2,1
2025-08-28,SPY,HOLD,0.49,0.51,neutral,65.1,neutral,uptrend,low,14.430000305175781,RISK_ON,0.04,643.4620361328125,26,9
2025-08-28,IWM,SELL,0.19,0.81,bearish,66.81,neutral,uptrend,high,14.430000305175781,RISK_ON,0.04,234.3477325439453,15,8
2025-08-28,GLD,HOLD,0.49,0.51,neutral,61.61,neutral,uptrend,low,14.430000305175781,RISK_ON,0.04,315.0299987792969,6,6
2025-08-29,SPY,HOLD,0.49,0.51,neutral,59.23,neutral,uptrend,low,15.359999656677246,RISK_ON,0.04,639.6245727539062,28,8
2025-08-29,IWM,HOLD,0.44,0.56,neutral,64.41,neutral,uptrend,high,15.359999656677246,RISK_ON,0.04,233.30604553222656,16,8
2025-08-29,GLD,HOLD,0.49,0.51,neutral,65.9,neutral,uptrend,low,15.359999656677246,RISK_ON,0.04,318.07000732421875,3,2
2025-09-01,SPY,HOLD,0.49,0.51,neutral,59.23,neutral,uptrend,low,15.359999656677246,RISK_ON,0.04,639.6245727539062,0,0
2025-09-01,IWM,HOLD,0.44,0.56,neutral,64.41,neutral,uptrend,high,15.359999656677246,RISK_ON,0.04,233.30604553222656,0,0
2025-09-01,GLD,BUY,0.74,0.26,bullish,65.9,neutral,uptrend,low,15.359999656677246,RISK_ON,0.04,318.07000732421875,3,2
2025-09-02,SPY,HOLD,0.49,0.51,neutral,52.89,neutral,uptrend,low,17.170000076293945,RISK_ON,0.04,634.884765625,0,0
2025-09-02,IWM,HOLD,0.44,0.56,neutral,61.53,neutral,uptrend,high,17.170000076293945,RISK_ON,0.04,232.04611206054688,0,0
2025-09-02,GLD,BUY,0.74,0.26,neutral,73.73,overbought,uptrend,high,17.170000076293945,RISK_ON,0.04,325.5899963378906,10,10
2025-09-03,SPY,HOLD,0.49,0.51,neutral,56.53,neutral,uptrend,low,16.350000381469727,RISK_ON,0.04,638.3255615234375,0,0
2025-09-03,IWM,HOLD,0.44,0.56,neutral,61.0,neutral,uptrend,high,16.350000381469727,RISK_ON,0.04,231.81793212890625,0,0
2025-09-03,GLD,BUY,0.74,0.26,neutral,75.76,overbought,uptrend,high,16.350000381469727,RISK_ON,0.04,328.1400146484375,17,10
2025-09-04,SPY,HOLD,0.49,0.51,neutral,61.49,neutral,uptrend,low,15.300000190734863,RISK_ON,0.04,643.6603393554688,0,0
2025-09-04,IWM,HOLD,0.44,0.56,neutral,65.12,neutral,uptrend,high,15.300000190734863,RISK_ON,0.04,234.71478271484375,0,0
2025-09-04,GLD,BUY,0.74,0.26,neutral,72.34,overbought,uptrend,high,15.300000190734863,RISK_ON,0.04,326.69000244140625,9,9
2025-09-05,SPY,HOLD,0.49,0.51,neutral,58.96,neutral,uptrend,low,15.180000305175781,RISK_ON,0.04,641.7960815429688,0,0
2025-09-05,IWM,HOLD,0.44,0.56,neutral,66.65,neutral,uptrend,high,15.180000305175781,RISK_ON,0.04,235.8854522705078,0,0
2025-09-05,GLD,HOLD,0.49,0.51,bearish,75.87,overbought,uptrend,high,15.180000305175781,RISK_ON,0.04,331.04998779296875,11,9
2025-09-08,SPY,HOLD,0.49,0.51,neutral,60.44,neutral,uptrend,low,15.109999656677246,RISK_ON,0.04,643.372802734375,0,0
2025-09-08,IWM,HOLD,0.44,0.56,neutral,67.28,neutral,uptrend,high,15.109999656677246,RISK_ON,0.04,236.36163330078125,0,0
2025-09-08,GLD,BUY,0.74,0.26,neutral,78.43,overbought,uptrend,high,15.109999656677246,RISK_ON,0.04,334.82000732421875,11,8
2025-09-09,SPY,HOLD,0.49,0.51,neutral,61.85,neutral,uptrend,low,15.039999961853027,RISK_ON,0.04,644.8601684570312,0,0
2025-09-09,IWM,HOLD,0.44,0.56,neutral,63.51,neutral,uptrend,high,15.039999961853027,RISK_ON,0.04,234.97274780273438,0,0
2025-09-09,GLD,BUY,0.89,0.11,bullish,76.67,overbought,uptrend,high,15.039999961853027,RISK_ON,0.04,334.05999755859375,9,9
2025-09-10,SPY,HOLD,0.49,0.51,neutral,63.59,neutral,uptrend,low,15.350000381469727,RISK_ON,0.04,646.724365234375,0,0
2025-09-10,IWM,HOLD,0.44,0.56,neutral,62.38,neutral,uptrend,high,15.350000381469727,RISK_ON,0.04,234.55606079101562,0,0
2025-09-10,GLD,BUY,0.89,0.11,bullish,77.53,overbought,uptrend,high,15.350000381469727,RISK_ON,0.04,335.260009765625,4,4
2025-09-11,SPY,HOLD,0.49,0.51,neutral,68.11,neutral,uptrend,low,14.710000038146973,RISK_ON,0.04,652.0987548828125,0,0
2025-09-11,IWM,HOLD,0.44,0.56,neutral,68.63,neutral,uptrend,high,14.710000038146973,RISK_ON,0.04,238.89141845703125,0,0
2025-09-11,GLD,BUY,0.74,0.26,neutral,76.26,overbought,uptrend,high,14.710000038146973,RISK_ON,0.04,334.760009765625,6,6
2025-09-12,SPY,HOLD,0.49,0.51,neutral,67.75,neutral,uptrend,low,14.760000228881836,RISK_ON,0.04,651.8805541992188,0,0
2025-09-12,IWM,HOLD,0.44,0.56,neutral,62.35,neutral,uptrend,high,14.760000228881836,RISK_ON,0.04,236.45091247558594,0,0
2025-09-12,GLD,BUY,0.74,0.26,neutral,76.8,overbought,uptrend,high,14.760000228881836,RISK_ON,0.04,335.4200134277344,8,8
2025-09-15,SPY,BUY,0.79,0.21,neutral,70.48,overbought,uptrend,low,15.6899995803833,RISK_ON,0.04,655.3511352539062,0,0
2025-09-15,IWM,HOLD,0.44,0.56,neutral,63.82,neutral,uptrend,high,15.6899995803833,RISK_ON,0.04,237.4529266357422,0,0
2025-09-15,GLD,BUY,0.74,0.26,neutral,79.45,overbought,uptrend,high,15.6899995803833,RISK_ON,0.04,338.9100036621094,8,8
2025-09-16,SPY,HOLD,0.49,0.51,neutral,68.84,neutral,uptrend,low,16.360000610351562,RISK_ON,0.04,654.4488525390625,0,0
2025-09-16,IWM,HOLD,0.44,0.56,neutral,62.79,neutral,uptrend,high,16.360000610351562,RISK_ON,0.04,237.06192016601562,3,3
2025-09-16,GLD,BUY,0.89,0.11,bullish,79.93,overbought,uptrend,high,16.360000610351562,RISK_ON,0.04,339.5899963378906,8,7
2025-09-17,SPY,HOLD,0.49,0.51,neutral,67.33,neutral,uptrend,low,15.720000267028809,RISK_ON,0.04,653.6357421875,0,0
2025-09-17,IWM,HOLD,0.44,0.56,neutral,63.76,neutral,uptrend,high,15.720000267028809,RISK_ON,0.04,237.66880798339844,27,9
2025-09-17,GLD,HOLD,0.49,0.51,bearish,72.85,overbought,uptrend,high,15.720000267028809,RISK_ON,0.04,336.9700012207031,10,10
2025-09-18,SPY,HOLD,0.49,0.51,neutral,70.0,neutral,uptrend,low,15.699999809265137,RISK_ON,0.04,656.6898193359375,0,0
2025-09-18,IWM,BUY,0.89,0.11,bullish,71.58,overbought,uptrend,high,15.699999809265137,RISK_ON,0.04,243.58837890625,25,9
2025-09-18,GLD,HOLD,0.44,0.56,neutral,69.44,neutral,uptrend,high,15.699999809265137,RISK_ON,0.04,335.6199951171875,14,8
2025-09-19,SPY,BUY,0.79,0.21,neutral,72.57,overbought,uptrend,low,15.449999809265137,RISK_ON,0.04,659.9423217773438,0,0
2025-09-19,IWM,HOLD,0.44,0.56,neutral,66.73,neutral,uptrend,high,15.449999809265137,RISK_ON,0.04,241.73789978027344,18,9
2025-09-19,GLD,BUY,0.89,0.11,bullish,73.03,overbought,uptrend,high,15.449999809265137,RISK_ON,0.04,339.17999267578125,8,8
2025-09-22,SPY,BUY,0.79,0.21,neutral,74.8,overbought,uptrend,low,16.100000381469727,RISK_ON,0.04,663.0645751953125,0,0
2025-09-22,IWM,HOLD,0.44,0.56,neutral,68.47,neutral,uptrend,high,16.100000381469727,RISK_ON,0.04,243.14068603515625,18,9
2025-09-22,GLD,BUY,0.89,0.11,bullish,77.68,overbought,uptrend,high,16.100000381469727,RISK_ON,0.04,345.04998779296875,11,10
2025-09-23,SPY,HOLD,0.49,0.51,neutral,67.92,neutral,uptrend,low,16.639999389648438,RISK_ON,0.04,659.4551391601562,33,9
2025-09-23,IWM,HOLD,0.44,0.56,neutral,67.0,neutral,uptrend,high,16.639999389648438,RISK_ON,0.04,242.59349060058594,19,9
2025-09-23,GLD,BUY,0.74,0.26,neutral,78.64,overbought,uptrend,high,16.639999389648438,RISK_ON,0.04,346.4599914550781,5,3
2025-09-24,SPY,BUY,0.74,0.26,bullish,64.23,neutral,uptrend,low,16.18000030517578,RISK_ON,0.04,657.3569946289062,41,9
2025-09-24,IWM,HOLD,0.44,0.56,neutral,61.22,neutral,uptrend,high,16.18000030517578,RISK_ON,0.04,240.36495971679688,19,10
2025-09-24,GLD,BUY,0.74,0.26,neutral,71.33,overbought,uptrend,high,16.18000030517578,RISK_ON,0.04,343.32000732421875,10,9
2025-09-25,SPY,HOLD,0.49,0.51,neutral,59.21,neutral,uptrend,low,16.739999771118164,RISK_ON,0.04,654.3242797851562,36,9
2025-09-25,IWM,HOLD,0.44,0.56,neutral,55.87,neutral,uptrend,high,16.739999771118164,RISK_ON,0.04,238.06675720214844,24,9
2025-09-25,GLD,BUY,0.74,0.26,neutral,72.58,overbought,uptrend,high,16.739999771118164,RISK_ON,0.04,344.75,3,2
2025-09-26,SPY,BUY,0.74,0.26,bullish,63.05,neutral,uptrend,low,15.289999961853027,RISK_ON,0.04,658.072998046875,37,7
2025-09-26,IWM,HOLD,0.44,0.56,neutral,59.27,neutral,uptrend,high,15.289999961853027,RISK_ON,0.04,240.1062774658203,28,7
2025-09-26,GLD,BUY,0.74,0.26,neutral,74.26,overbought,uptrend,high,15.289999961853027,RISK_ON,0.04,346.739990234375,6,5
2025-09-29,SPY,HOLD,0.49,0.51,neutral,64.81,neutral,uptrend,low,16.1200008392334,RISK_ON,0.04,659.9224243164062,43,10
2025-09-29,IWM,HOLD,0.44,0.56,neutral,59.73,neutral,uptrend,high,16.1200008392334,RISK_ON,0.04,240.3848419189453,18,8
2025-09-29,GLD,BUY,0.74,0.26,neutral,78.37,overbought,uptrend,high,16.1200008392334,RISK_ON,0.04,352.4599914550781,12,9
2025-09-30,SPY,BUY,0.74,0.26,bullish,67.08,neutral,uptrend,low,16.280000686645508,RISK_ON,0.04,662.4082641601562,34,8
2025-09-30,IWM,SELL,0.19,0.81,bearish,60.31,neutral,uptrend,high,16.280000686645508,RISK_ON,0.04,240.72311401367188,25,9
2025-09-30,GLD,BUY,0.74,0.26,neutral,80.16,overbought,uptrend,high,16.280000686645508,RISK_ON,0.04,355.4700012207031,7,7
2025-10-01,SPY,HOLD,0.49,0.51,neutral,69.04,neutral,uptrend,low,16.290000915527344,RISK_ON,0.04,664.6654052734375,0,0
2025-10-01,IWM,HOLD,0.49,0.51,neutral,61.25,neutral,uptrend,low,16.290000915527344,RISK_ON,0.04,241.25039672851562,0,0
2025-10-01,GLD,BUY,0.74,0.26,neutral,80.48,overbought,uptrend,high,16.290000915527344,RISK_ON,0.04,356.0299987792969,8,6
2025-10-02,SPY,HOLD,0.49,0.51,neutral,69.69,neutral,uptrend,low,16.6299991607666,RISK_ON,0.04,665.4309692382812,0,0
2025-10-02,IWM,HOLD,0.49,0.51,neutral,63.91,neutral,uptrend,low,16.6299991607666,RISK_ON,0.04,242.7725830078125,0,0
2025-10-02,GLD,BUY,0.74,0.26,neutral,77.47,overbought,uptrend,high,16.6299991607666,RISK_ON,0.04,354.7900085449219,3,3
2025-10-03,SPY,HOLD,0.49,0.51,neutral,69.67,neutral,uptrend,low,16.649999618530273,RISK_ON,0.04,665.421142578125,0,0
2025-10-03,IWM,HOLD,0.49,0.51,neutral,66.81,neutral,uptrend,low,16.649999618530273,RISK_ON,0.04,244.57333374023438,0,0
2025-10-03,GLD,BUY,0.74,0.26,neutral,79.38,overbought,uptrend,high,16.649999618530273,RISK_ON,0.04,357.6400146484375,2,2
2025-10-06,SPY,BUY,0.79,0.21,neutral,71.83,overbought,uptrend,low,16.3700008392334,RISK_ON,0.04,667.8074951171875,0,0
2025-10-06,IWM,HOLD,0.49,0.51,neutral,68.3,neutral,uptrend,low,16.3700008392334,RISK_ON,0.04,245.54830932617188,0,0
2025-10-06,GLD,BUY,0.89,0.11,bullish,83.05,overbought,uptrend,high,16.3700008392334,RISK_ON,0.04,364.3800048828125,8,7
2025-10-07,SPY,HOLD,0.49,0.51,neutral,66.54,neutral,uptrend,low,17.239999771118164,RISK_ON,0.04,665.3316040039062,0,0
2025-10-07,IWM,HOLD,0.49,0.51,neutral,60.42,neutral,uptrend,low,17.239999771118164,RISK_ON,0.04,242.911865234375,0,0
2025-10-07,GLD,BUY,0.74,0.26,neutral,83.91,overbought,uptrend,high,17.239999771118164,RISK_ON,0.04,366.260009765625,7,7
2025-10-08,SPY,BUY,0.79,0.21,neutral,70.31,overbought,uptrend,low,16.299999237060547,RISK_ON,0.04,669.2990112304688,0,0
2025-10-08,IWM,HOLD,0.49,0.51,neutral,64.66,neutral,uptrend,low,16.299999237060547,RISK_ON,0.04,245.4587860107422,0,0
2025-10-08,GLD,BUY,0.89,0.11,bullish,86.31,overbought,uptrend,high,16.299999237060547,RISK_ON,0.04,372.29998779296875,19,10
2025-10-09,SPY,HOLD,0.49,0.51,neutral,66.37,neutral,uptrend,low,16.43000030517578,RISK_ON,0.04,667.3600463867188,0,0
2025-10-09,IWM,HOLD,0.49,0.51,neutral,60.34,neutral,uptrend,low,16.43000030517578,RISK_ON,0.04,243.8769073486328,0,0
2025-10-09,GLD,HOLD,0.49,0.51,bearish,72.97,overbought,uptrend,high,16.43000030517578,RISK_ON,0.04,365.42999267578125,13,9
2025-10-10,SPY,SELL,0.2,0.8,bearish,42.5,neutral,uptrend,low,21.65999984741211,NEUTRAL,0.0,649.32275390625,1,1
2025-10-10,IWM,HOLD,0.45,0.55,neutral,45.29,neutral,uptrend,low,21.65999984741211,NEUTRAL,0.0,236.57443237304688,0,0
2025-10-10,GLD,BUY,0.85,0.15,bullish,75.19,overbought,uptrend,high,21.65999984741211,NEUTRAL,0.0,369.1199951171875,14,10
2025-10-13,SPY,BUY,0.7,0.3,bullish,52.63,neutral,uptrend,low,19.030000686645508,NEUTRAL,0.0,659.2860107421875,1,1
2025-10-13,IWM,HOLD,0.45,0.55,neutral,55.96,neutral,uptrend,low,19.030000686645508,NEUTRAL,0.0,243.1605987548828,0,0
2025-10-13,GLD,BUY,0.7,0.3,neutral,79.57,overbought,uptrend,high,19.030000686645508,NEUTRAL,0.0,378.0899963378906,9,8
2025-10-14,SPY,HOLD,0.45,0.55,neutral,51.84,neutral,uptrend,low,20.809999465942383,NEUTRAL,0.0,658.4805908203125,0,0
2025-10-14,IWM,HOLD,0.45,0.55,neutral,60.35,neutral,uptrend,low,20.809999465942383,NEUTRAL,0.0,246.6327362060547,16,10
2025-10-14,GLD,BUY,0.7,0.3,neutral,80.68,overbought,uptrend,high,20.809999465942383,NEUTRAL,0.0,380.7900085449219,8,6
2025-10-15,SPY,HOLD,0.45,0.55,neutral,54.52,neutral,uptrend,low,20.639999389648438,NEUTRAL,0.0,661.4039306640625,0,0
2025-10-15,IWM,HOLD,0.45,0.55,neutral,63.11,neutral,uptrend,low,20.639999389648438,NEUTRAL,0.0,249.05032348632812,14,10
2025-10-15,GLD,BUY,0.7,0.3,neutral,83.1,overbought,uptrend,high,20.639999389648438,NEUTRAL,0.0,387.3900146484375,7,7
2025-10-16,SPY,SELL,0.41,0.59,neutral,49.91,neutral,uptrend,low,25.309999465942383,RISK_OFF,-0.04,656.8995971679688,0,0
2025-10-16,IWM,SELL,0.41,0.59,neutral,54.29,neutral,uptrend,low,25.309999465942383,RISK_OFF,-0.04,243.8072509765625,14,10
2025-10-16,GLD,BUY,0.66,0.34,neutral,85.73,overbought,uptrend,high,25.309999465942383,RISK_OFF,-0.04,396.45001220703125,7,6
2025-10-17,SPY,HOLD,0.45,0.55,neutral,53.42,neutral,uptrend,low,20.780000686645508,NEUTRAL,0.0,660.62841796875,0,0
2025-10-17,IWM,HOLD,0.45,0.55,neutral,51.84,neutral,uptrend,low,20.780000686645508,NEUTRAL,0.0,242.16571044921875,17,6
2025-10-17,GLD,BUY,0.7,0.3,neutral,75.32,overbought,uptrend,high,20.780000686645508,NEUTRAL,0.0,388.989990234375,8,8
2025-10-20,SPY,HOLD,0.45,0.55,neutral,59.12,neutral,uptrend,low,18.229999542236328,NEUTRAL,0.0,667.499267578125,0,0
2025-10-20,IWM,HOLD,0.45,0.55,neutral,57.74,neutral,uptrend,low,18.229999542236328,NEUTRAL,0.0,246.89141845703125,24,10
2025-10-20,GLD,BUY,0.7,0.3,neutral,80.23,overbought,uptrend,high,18.229999542236328,NEUTRAL,0.0,403.1499938964844,7,7
2025-10-21,SPY,SELL,0.24,0.76,bearish,59.11,neutral,uptrend,low,17.8700008392334,RISK_ON,0.04,667.4893188476562,8,6
2025-10-21,IWM,SELL,0.24,0.76,bearish,55.92,neutral,uptrend,low,17.8700008392334,RISK_ON,0.04,245.7274169921875,18,8
2025-10-21,GLD,HOLD,0.44,0.56,neutral,57.64,neutral,uptrend,high,17.8700008392334,RISK_ON,0.04,377.239990234375,11,8
2025-10-22,SPY,SELL,0.2,0.8,bearish,55.16,neutral,uptrend,low,18.600000381469727,NEUTRAL,0.0,664.0191040039062,24,9
2025-10-22,IWM,SELL,0.2,0.8,bearish,50.58,neutral,uptrend,low,18.600000381469727,NEUTRAL,0.0,242.09605407714844,10,7
2025-10-22,GLD,SELL,0.4,0.6,neutral,57.66,neutral,uptrend,high,18.600000381469727,NEUTRAL,0.0,377.2799987792969,17,8
2025-10-23,SPY,SELL,0.24,0.76,bearish,58.54,neutral,uptrend,low,17.299999237060547,RISK_ON,0.04,667.9566650390625,33,9
2025-10-23,IWM,SELL,0.24,0.76,bearish,54.53,neutral,uptrend,low,17.299999237060547,RISK_ON,0.04,245.16030883789062,15,9
2025-10-23,GLD,HOLD,0.44,0.56,neutral,58.45,neutral,uptrend,high,17.299999237060547,RISK_ON,0.04,378.7900085449219,7,7
2025-10-24,SPY,SELL,0.24,0.76,bearish,62.74,neutral,uptrend,low,16.3700008392334,RISK_ON,0.04,673.4155883789062,34,9
2025-10-24,IWM,SELL,0.24,0.76,bearish,58.06,neutral,uptrend,low,16.3700008392334,RISK_ON,0.04,248.15492248535156,18,8
2025-10-24,GLD,BUY,0.69,0.31,bullish,57.48,neutral,uptrend,high,16.3700008392334,RISK_ON,0.04,377.5199890136719,5,4
2025-10-27,SPY,HOLD,0.49,0.51,neutral,67.85,neutral,uptrend,low,15.789999961853027,RISK_ON,0.04,681.3603515625,28,9
2025-10-27,IWM,HOLD,0.49,0.51,neutral,59.04,neutral,uptrend,low,15.789999961853027,RISK_ON,0.04,249.02047729492188,21,9
2025-10-27,GLD,BUY,0.69,0.31,bullish,50.06,neutral,uptrend,high,15.789999961853027,RISK_ON,0.04,367.010009765625,7,6
2025-10-28,SPY,HOLD,0.49,0.51,neutral,68.89,neutral,uptrend,low,16.420000076293945,RISK_ON,0.04,683.1700439453125,22,10
2025-10-28,IWM,HOLD,0.49,0.51,neutral,56.82,neutral,uptrend,low,16.420000076293945,RISK_ON,0.04,247.6873321533203,10,10
2025-10-28,GLD,HOLD,0.44,0.56,neutral,48.38,neutral,uptrend,high,16.420000076293945,RISK_ON,0.04,364.3800048828125,9,8
2025-10-29,SPY,SELL,0.24,0.76,bearish,69.09,neutral,uptrend,low,16.920000076293945,RISK_ON,0.04,683.4982299804688,30,10
2025-10-29,IWM,SELL,0.24,0.76,bearish,53.4,neutral,uptrend,low,16.920000076293945,RISK_ON,0.04,245.57815551757812,19,10
2025-10-29,GLD,HOLD,0.44,0.56,neutral,47.48,neutral,uptrend,high,16.920000076293945,RISK_ON,0.04,363.0,6,6
2025-10-30,SPY,HOLD,0.44,0.56,neutral,59.78,neutral,uptrend,high,16.90999984741211,RISK_ON,0.04,675.9810180664062,29,9
2025-10-30,IWM,HOLD,0.49,0.51,neutral,50.33,neutral,uptrend,low,16.90999984741211,RISK_ON,0.04,243.5983428955078,16,9
2025-10-30,GLD,BUY,0.69,0.31,bullish,52.41,neutral,uptrend,high,16.90999984741211,RISK_ON,0.04,370.1300048828125,6,6
2025-10-31,SPY,SELL,0.19,0.81,bearish,61.43,neutral,uptrend,high,17.440000534057617,RISK_ON,0.04,678.1983032226562,26,8
2025-10-31,IWM,SELL,0.24,0.76,bearish,52.37,neutral,uptrend,low,17.440000534057617,RISK_ON,0.04,244.97128295898438,17,7
2025-10-31,GLD,HOLD,0.44,0.56,neutral,50.96,neutral,uptrend,high,17.440000534057617,RISK_ON,0.04,368.1199951171875,3,2
2025-11-03,SPY,HOLD,0.44,0.56,neutral,62.39,neutral,uptrend,high,17.170000076293945,RISK_ON,0.04,679.4711303710938,0,0
2025-11-03,IWM,HOLD,0.49,0.51,neutral,51.08,neutral,uptrend,low,17.170000076293945,RISK_ON,0.04,244.18531799316406,0,0
2025-11-03,GLD,HOLD,0.44,0.56,neutral,51.43,neutral,uptrend,high,17.170000076293945,RISK_ON,0.04,368.7799987792969,4,3
2025-11-04,SPY,SELL,0.4,0.6,neutral,53.39,neutral,uptrend,high,19.0,NEUTRAL,0.0,671.4169921875,0,0
2025-11-04,IWM,HOLD,0.45,0.55,neutral,44.69,neutral,uptrend,low,19.0,NEUTRAL,0.0,239.9669952392578,0,0
2025-11-04,GLD,SELL,0.4,0.6,neutral,46.66,neutral,uptrend,high,19.0,NEUTRAL,0.0,362.32000732421875,12,9
2025-11-05,SPY,SELL,0.4,0.6,neutral,55.39,neutral,uptrend,high,18.010000228881836,NEUTRAL,0.0,673.7437133789062,0,0
2025-11-05,IWM,HOLD,0.45,0.55,neutral,50.2,neutral,uptrend,low,18.010000228881836,NEUTRAL,0.0,243.42918395996094,0,0
2025-11-05,GLD,BUY,0.65,0.35,bullish,49.91,neutral,uptrend,high,18.010000228881836,NEUTRAL,0.0,366.510009765625,7,7
2025-11-06,SPY,SELL,0.4,0.6,neutral,48.43,neutral,uptrend,high,19.5,NEUTRAL,0.0,666.514892578125,0,0
2025-11-06,IWM,SELL,0.4,0.6,neutral,44.29,neutral,uptrend,high,19.5,NEUTRAL,0.0,239.12135314941406,0,0
2025-11-06,GLD,SELL,0.4,0.6,neutral,49.57,neutral,uptrend,high,19.5,NEUTRAL,0.0,366.07000732421875,10,10
2025-11-07,SPY,HOLD,0.45,0.55,neutral,49.06,neutral,uptrend,low,19.079999923706055,NEUTRAL,0.0,667.1710815429688,0,0
2025-11-07,IWM,HOLD,0.45,0.55,neutral,46.27,neutral,uptrend,low,19.079999923706055,NEUTRAL,0.0,240.37490844726562,0,0
2025-11-07,GLD,SELL,0.4,0.6,neutral,51.39,neutral,uptrend,high,19.079999923706055,NEUTRAL,0.0,368.30999755859375,8,8
2025-11-10,SPY,HOLD,0.49,0.51,neutral,57.8,neutral,uptrend,low,17.600000381469727,RISK_ON,0.04,677.5818481445312,0,0
2025-11-10,IWM,HOLD,0.49,0.51,neutral,49.95,neutral,uptrend,low,17.600000381469727,RISK_ON,0.04,242.78253173828125,0,0
2025-11-10,GLD,BUY,0.69,0.31,bullish,58.63,neutral,uptrend,high,17.600000381469727,RISK_ON,0.04,378.3800048828125,14,10
2025-11-11,SPY,HOLD,0.49,0.51,neutral,58.94,neutral,uptrend,low,17.280000686645508,RISK_ON,0.04,679.1329956054688,0,0
2025-11-11,IWM,HOLD,0.49,0.51,neutral,50.27,neutral,uptrend,low,17.280000686645508,RISK_ON,0.04,242.99147033691406,0,0
2025-11-11,GLD,HOLD,0.44,0.56,neutral,59.59,neutral,uptrend,high,17.280000686645508,RISK_ON,0.04,379.8699951171875,5,5
2025-11-12,SPY,HOLD,0.49,0.51,neutral,59.22,neutral,uptrend,low,17.510000228881836,RISK_ON,0.04,679.5109252929688,0,0
2025-11-12,IWM,HOLD,0.49,0.51,neutral,49.31,neutral,uptrend,low,17.510000228881836,RISK_ON,0.04,242.39451599121094,0,0
2025-11-12,GLD,BUY,0.69,0.31,bullish,63.35,neutral,uptrend,high,17.510000228881836,RISK_ON,0.04,385.989990234375,4,4
2025-11-13,SPY,HOLD,0.45,0.55,neutral,48.36,neutral,uptrend,low,20.0,NEUTRAL,0.0,668.235107421875,0,0
2025-11-13,IWM,SELL,0.4,0.6,neutral,39.89,neutral,uptrend,high,20.0,NEUTRAL,0.0,235.5795440673828,2,2
2025-11-13,GLD,SELL,0.15,0.85,bearish,60.27,neutral,uptrend,high,20.0,NEUTRAL,0.0,382.8699951171875,2,1
2025-11-14,SPY,HOLD,0.45,0.55,neutral,48.27,neutral,uptrend,low,19.829999923706055,NEUTRAL,0.0,668.1256713867188,0,0
2025-11-14,IWM,SELL,0.4,0.6,neutral,41.11,neutral,uptrend,high,19.829999923706055,NEUTRAL,0.0,236.26602172851562,23,8
2025-11-14,GLD,SELL,0.15,0.85,bearish,54.01,neutral,uptrend,high,19.829999923706055,NEUTRAL,0.0,375.9599914550781,4,4
2025-11-17,SPY,HOLD,0.45,0.55,neutral,43.21,neutral,uptrend,low,22.3799991607666,NEUTRAL,0.0,661.901123046875,0,0
2025-11-17,IWM,SELL,0.4,0.6,neutral,35.76,neutral,uptrend,high,22.3799991607666,NEUTRAL,0.0,231.57012939453125,24,10
2025-11-17,GLD,SELL,0.4,0.6,neutral,50.49,neutral,uptrend,high,22.3799991607666,NEUTRAL,0.0,371.6499938964844,8,8
2025-11-18,SPY,HOLD,0.45,0.55,neutral,39.25,neutral,uptrend,low,24.690000534057617,NEUTRAL,0.0,656.3427734375,0,0
2025-11-18,IWM,SELL,0.15,0.85,bearish,37.09,neutral,uptrend,high,24.690000534057617,NEUTRAL,0.0,232.27651977539062,17,10
2025-11-18,GLD,SELL,0.4,0.6,neutral,52.58,neutral,uptrend,high,24.690000534057617,NEUTRAL,0.0,374.3500061035156,7,7
2025-11-19,SPY,BUY,0.7,0.3,bullish,41.87,neutral,uptrend,low,23.65999984741211,NEUTRAL,0.0,658.8783569335938,8,8
2025-11-19,IWM,SELL,0.4,0.6,neutral,37.04,neutral,downtrend,high,23.65999984741211,NEUTRAL,0.0,232.23670959472656,18,9
2025-11-19,GLD,BUY,0.65,0.35,bullish,53.06,neutral,uptrend,high,23.65999984741211,NEUTRAL,0.0,374.9599914550781,5,5
2025-11-20,SPY,SELL,0.36,0.64,neutral,35.37,neutral,uptrend,high,26.420000076293945,RISK_OFF,-0.04,648.8355712890625,47,8
2025-11-20,IWM,SELL,0.11,0.89,bearish,32.34,neutral,downtrend,high,26.420000076293945,RISK_OFF,-0.04,227.9387969970703,29,10
2025-11-20,GLD,BUY,0.61,0.39,bullish,52.95,neutral,uptrend,high,26.420000076293945,RISK_OFF,-0.04,374.8500061035156,2,2
2025-11-21,SPY,SELL,0.4,0.6,neutral,41.65,neutral,uptrend,high,23.43000030517578,NEUTRAL,0.0,655.2987670898438,40,10
2025-11-21,IWM,SELL,0.15,0.85,bearish,43.87,neutral,downtrend,high,23.43000030517578,NEUTRAL,0.0,234.3956298828125,29,10
2025-11-21,GLD,SELL,0.4,0.6,neutral,52.37,neutral,uptrend,high,23.43000030517578,NEUTRAL,0.0,374.2699890136719,1,1
2025-11-24,SPY,SELL,0.4,0.6,neutral,49.52,neutral,uptrend,high,20.520000457763672,NEUTRAL,0.0,664.9437866210938,32,9
2025-11-24,IWM,SELL,0.4,0.6,neutral,49.95,neutral,downtrend,high,20.520000457763672,NEUTRAL,0.0,238.6736297607422,21,9
2025-11-24,GLD,SELL,0.4,0.6,neutral,57.53,neutral,uptrend,high,20.520000457763672,NEUTRAL,0.0,380.20001220703125,3,3
2025-11-25,SPY,SELL,0.4,0.6,neutral,53.87,neutral,uptrend,high,18.559999465942383,NEUTRAL,0.0,671.1982421875,28,10
2025-11-25,IWM,SELL,0.4,0.6,neutral,56.18,neutral,downtrend,high,18.559999465942383,NEUTRAL,0.0,243.8769073486328,18,10
2025-11-25,GLD,SELL,0.15,0.85,bearish,57.4,neutral,uptrend,high,18.559999465942383,NEUTRAL,0.0,380.0799865722656,4,4
2025-11-26,SPY,HOLD,0.44,0.56,neutral,56.84,neutral,uptrend,high,17.190000534057617,RISK_ON,0.04,675.8318481445312,35,10
2025-11-26,IWM,BUY,0.64,0.36,bullish,58.48,neutral,downtrend,high,17.190000534057617,RISK_ON,0.04,246.03582763671875,19,10
2025-11-26,GLD,BUY,0.69,0.31,bullish,59.97,neutral,uptrend,high,17.190000534057617,RISK_ON,0.04,383.1199951171875,4,4
2025-11-27,SPY,HOLD,0.44,0.56,neutral,56.84,neutral,uptrend,high,17.190000534057617,RISK_ON,0.04,675.8318481445312,5,5
2025-11-27,IWM,HOLD,0.44,0.56,neutral,58.48,neutral,downtrend,high,17.190000534057617,RISK_ON,0.04,246.03582763671875,3,3
2025-11-27,GLD,BUY,0.69,0.31,bullish,59.97,neutral,uptrend,high,17.190000534057617,RISK_ON,0.04,383.1199951171875,1,1
2025-11-28,SPY,HOLD,0.44,0.56,neutral,59.1,neutral,uptrend,high,16.350000381469727,RISK_ON,0.04,679.5208129882812,16,10
2025-11-28,IWM,HOLD,0.44,0.56,neutral,60.0,neutral,downtrend,high,16.350000381469727,RISK_ON,0.04,247.4783935546875,9,9
2025-11-28,GLD,SELL,0.19,0.81,bearish,63.67,neutral,uptrend,high,16.350000381469727,RISK_ON,0.04,387.8800048828125,4,4
2025-12-01,SPY,HOLD,0.44,0.56,neutral,56.42,neutral,uptrend,high,17.239999771118164,RISK_ON,0.04,676.41845703125,0,0
2025-12-01,IWM,HOLD,0.44,0.56,neutral,55.31,neutral,downtrend,high,17.239999771118164,RISK_ON,0.04,244.36439514160156,0,0
2025-12-01,GLD,HOLD,0.44,0.56,neutral,65.04,neutral,uptrend,high,17.239999771118164,RISK_ON,0.04,389.75,9,8
2025-12-02,SPY,HOLD,0.44,0.56,neutral,57.26,neutral,uptrend,high,16.59000015258789,RISK_ON,0.04,677.67138671875,0,0
2025-12-02,IWM,HOLD,0.44,0.56,neutral,54.65,neutral,downtrend,high,16.59000015258789,RISK_ON,0.04,243.9167022705078,0,0
2025-12-02,GLD,HOLD,0.44,0.56,neutral,61.68,neutral,uptrend,high,16.59000015258789,RISK_ON,0.04,387.239990234375,10,10
2025-12-03,SPY,HOLD,0.44,0.56,neutral,58.86,neutral,uptrend,high,16.079999923706055,RISK_ON,0.04,680.0180053710938,0,0
2025-12-03,IWM,HOLD,0.44,0.56,neutral,59.78,neutral,downtrend,high,16.079999923706055,RISK_ON,0.04,248.35389709472656,0,0
2025-12-03,GLD,BUY,0.69,0.31,bullish,61.2,neutral,uptrend,high,16.079999923706055,RISK_ON,0.04,386.8800048828125,10,10
2025-12-04,SPY,HOLD,0.44,0.56,neutral,59.21,neutral,uptrend,high,15.779999732971191,RISK_ON,0.04,680.51513671875,0,0
2025-12-04,IWM,HOLD,0.44,0.56,neutral,62.05,neutral,downtrend,high,15.779999732971191,RISK_ON,0.04,250.53271484375,0,0
2025-12-04,GLD,HOLD,0.44,0.56,neutral,61.42,neutral,uptrend,high,15.779999732971191,RISK_ON,0.04,387.1300048828125,7,6
2025-12-05,SPY,HOLD,0.44,0.56,neutral,60.16,neutral,uptrend,high,15.40999984741211,RISK_ON,0.04,681.8078002929688,0,0
2025-12-05,IWM,HOLD,0.44,0.56,neutral,60.29,neutral,downtrend,high,15.40999984741211,RISK_ON,0.04,249.4880828857422,0,0
2025-12-05,GLD,BUY,0.69,0.31,bullish,60.37,neutral,uptrend,high,15.40999984741211,RISK_ON,0.04,386.44000244140625,6,5
2025-12-08,SPY,HOLD,0.44,0.56,neutral,57.87,neutral,uptrend,high,16.65999984741211,RISK_ON,0.04,679.7594604492188,0,0
2025-12-08,IWM,HOLD,0.44,0.56,neutral,60.41,neutral,downtrend,high,16.65999984741211,RISK_ON,0.04,249.5875701904297,0,0
2025-12-08,GLD,HOLD,0.44,0.56,neutral,58.76,neutral,uptrend,high,16.65999984741211,RISK_ON,0.04,385.4200134277344,6,6
2025-12-09,SPY,HOLD,0.44,0.56,neutral,57.2,neutral,uptrend,high,16.93000030517578,RISK_ON,0.04,679.1727905273438,0,0
2025-12-09,IWM,HOLD,0.44,0.56,neutral,61.04,neutral,downtrend,high,16.93000030517578,RISK_ON,0.04,250.1049041748047,0,0
2025-12-09,GLD,HOLD,0.44,0.56,neutral,60.94,neutral,uptrend,high,16.93000030517578,RISK_ON,0.04,387.3999938964844,5,5
2025-12-10,SPY,HOLD,0.44,0.56,neutral,60.94,neutral,uptrend,high,15.770000457763672,RISK_ON,0.04,683.6771850585938,0,0
2025-12-10,IWM,HOLD,0.44,0.56,neutral,65.0,neutral,downtrend,high,15.770000457763672,RISK_ON,0.04,253.50743103027344,0,0
2025-12-10,GLD,HOLD,0.44,0.56,neutral,62.7,neutral,uptrend,high,15.770000457763672,RISK_ON,0.04,389.04998779296875,3,2
2025-12-11,SPY,HOLD,0.44,0.56,neutral,62.2,neutral,uptrend,high,14.850000381469727,RISK_ON,0.04,685.26806640625,0,0
2025-12-11,IWM,HOLD,0.44,0.56,neutral,68.06,neutral,downtrend,high,14.850000381469727,RISK_ON,0.04,256.48211669921875,0,0
2025-12-11,GLD,BUY,0.69,0.31,bullish,66.8,neutral,uptrend,high,14.850000381469727,RISK_ON,0.04,393.239990234375,7,6
2025-12-12,SPY,HOLD,0.44,0.56,neutral,53.59,neutral,uptrend,high,15.739999771118164,RISK_ON,0.04,677.9000854492188,0,0
2025-12-12,IWM,BUY,0.64,0.36,bullish,60.54,neutral,downtrend,high,15.739999771118164,RISK_ON,0.04,252.55233764648438,1,1
2025-12-12,GLD,BUY,0.69,0.31,bullish,68.74,neutral,uptrend,high,15.739999771118164,RISK_ON,0.04,395.44000244140625,5,4
2025-12-15,SPY,HOLD,0.44,0.56,neutral,52.51,neutral,uptrend,high,16.5,RISK_ON,0.04,676.8758544921875,0,0
2025-12-15,IWM,HOLD,0.44,0.56,neutral,57.23,neutral,uptrend,high,16.5,RISK_ON,0.04,250.6421356201172,0,0
2025-12-15,GLD,HOLD,0.44,0.56,neutral,69.06,neutral,uptrend,high,16.5,RISK_ON,0.04,395.79998779296875,6,5
2025-12-16,SPY,HOLD,0.44,0.56,neutral,50.51,neutral,uptrend,high,16.479999542236328,RISK_ON,0.04,675.0264282226562,0,0
2025-12-16,IWM,HOLD,0.44,0.56,neutral,55.21,neutral,uptrend,high,16.479999542236328,RISK_ON,0.04,249.4562530517578,14,8
2025-12-16,GLD,SELL,0.19,0.81,bearish,69.15,neutral,uptrend,high,16.479999542236328,RISK_ON,0.04,395.8900146484375,3,3
2025-12-17,SPY,HOLD,0.44,0.56,neutral,43.39,neutral,uptrend,high,17.6200008392334,RISK_ON,0.04,667.5986938476562,0,0
2025-12-17,IWM,HOLD,0.44,0.56,neutral,50.88,neutral,uptrend,high,17.6200008392334,RISK_ON,0.04,246.8009796142578,21,9
2025-12-17,GLD,BUY,0.74,0.26,neutral,72.24,overbought,uptrend,high,17.6200008392334,RISK_ON,0.04,399.2900085449219,3,3
2025-12-18,SPY,HOLD,0.44,0.56,neutral,48.68,neutral,uptrend,high,16.8700008392334,RISK_ON,0.04,672.6399536132812,0,0
2025-12-18,IWM,HOLD,0.44,0.56,neutral,53.07,neutral,uptrend,high,16.8700008392334,RISK_ON,0.04,248.26837158203125,36,9
2025-12-18,GLD,BUY,0.74,0.26,neutral,70.63,overbought,uptrend,high,16.8700008392334,RISK_ON,0.04,398.57000732421875,4,4
2025-12-19,SPY,HOLD,0.49,0.51,neutral,54.25,neutral,uptrend,low,14.90999984741211,RISK_ON,0.04,678.7363891601562,0,0
2025-12-19,IWM,HOLD,0.44,0.56,neutral,56.05,neutral,uptrend,high,14.90999984741211,RISK_ON,0.04,250.34466552734375,26,10
2025-12-19,GLD,BUY,0.89,0.11,bullish,71.06,overbought,uptrend,high,14.90999984741211,RISK_ON,0.04,399.0199890136719,5,4
2025-12-22,SPY,HOLD,0.49,0.51,neutral,57.68,neutral,uptrend,low,14.079999923706055,RISK_ON,0.04,682.96484375,33,10
2025-12-22,IWM,HOLD,0.44,0.56,neutral,59.75,neutral,uptrend,high,14.079999923706055,RISK_ON,0.04,253.12973022460938,25,10
2025-12-22,GLD,BUY,0.74,0.26,neutral,78.19,overbought,uptrend,high,14.079999923706055,RISK_ON,0.04,408.2300109863281,9,8
2025-12-23,SPY,HOLD,0.49,0.51,neutral,60.06,neutral,uptrend,low,14.0,RISK_ON,0.04,686.0863037109375,42,8
2025-12-23,IWM,HOLD,0.44,0.56,neutral,56.98,neutral,uptrend,high,14.0,RISK_ON,0.04,251.63238525390625,20,8
2025-12-23,GLD,BUY,0.74,0.26,neutral,81.13,overbought,uptrend,high,14.0,RISK_ON,0.04,413.6400146484375,6,5
2025-12-24,SPY,HOLD,0.49,0.51,neutral,61.84,neutral,uptrend,low,13.470000267028809,RISK_ON,0.04,688.4996948242188,27,9
2025-12-24,IWM,HOLD,0.49,0.51,neutral,57.86,neutral,uptrend,low,13.470000267028809,RISK_ON,0.04,252.2612762451172,16,8
2025-12-24,GLD,BUY,0.74,0.26,neutral,77.57,overbought,uptrend,high,13.470000267028809,RISK_ON,0.04,411.92999267578125,4,4
2025-12-25,SPY,HOLD,0.49,0.51,neutral,61.84,neutral,uptrend,low,13.470000267028809,RISK_ON,0.04,688.4996948242188,6,5
2025-12-25,IWM,HOLD,0.49,0.51,neutral,57.86,neutral,uptrend,low,13.470000267028809,RISK_ON,0.04,252.2612762451172,5,5
2025-12-25,GLD,BUY,0.74,0.26,neutral,77.57,overbought,uptrend,high,13.470000267028809,RISK_ON,0.04,411.92999267578125,3,3
2025-12-26,SPY,HOLD,0.49,0.51,neutral,61.76,neutral,uptrend,low,13.600000381469727,RISK_ON,0.04,688.4298706054688,25,10
2025-12-26,IWM,BUY,0.74,0.26,bullish,55.35,neutral,uptrend,low,13.600000381469727,RISK_ON,0.04,250.9735565185547,12,9
2025-12-26,GLD,HOLD,0.49,0.51,bearish,80.2,overbought,uptrend,high,13.600000381469727,RISK_ON,0.04,416.739990234375,6,4
2025-12-29,SPY,HOLD,0.49,0.51,neutral,58.67,neutral,uptrend,low,14.199999809265137,RISK_ON,0.04,685.9765625,47,10
2025-12-29,IWM,HOLD,0.49,0.51,neutral,52.42,neutral,uptrend,low,14.199999809265137,RISK_ON,0.04,249.43629455566406,31,10
2025-12-29,GLD,SELL,0.19,0.81,bearish,54.32,neutral,uptrend,high,14.199999809265137,RISK_ON,0.04,398.6000061035156,8,8
2025-12-30,SPY,HOLD,0.49,0.51,neutral,57.61,neutral,uptrend,low,14.329999923706055,RISK_ON,0.04,685.138916015625,25,10
2025-12-30,IWM,HOLD,0.49,0.51,neutral,49.07,neutral,uptrend,low,14.329999923706055,RISK_ON,0.04,247.58956909179688,8,8
2025-12-30,GLD,HOLD,0.44,0.56,neutral,54.57,neutral,uptrend,high,14.329999923706055,RISK_ON,0.04,398.8900146484375,6,6
2025-12-31,SPY,HOLD,0.49,0.51,neutral,51.53,neutral,uptrend,low,14.949999809265137,RISK_ON,0.04,680.062744140625,23,9
2025-12-31,IWM,HOLD,0.49,0.51,neutral,45.87,neutral,uptrend,low,14.949999809265137,RISK_ON,0.04,245.722900390625,11,10
2025-12-31,GLD,HOLD,0.44,0.56,neutral,51.83,neutral,uptrend,high,14.949999809265137,RISK_ON,0.04,396.30999755859375,4,4
2026-01-01,SPY,HOLD,0.49,0.51,neutral,51.53,neutral,uptrend,low,14.949999809265137,RISK_ON,0.04,680.062744140625,0,0
2026-01-01,IWM,HOLD,0.49,0.51,neutral,45.87,neutral,uptrend,low,14.949999809265137,RISK_ON,0.04,245.722900390625,0,0
2026-01-01,GLD,HOLD,0.44,0.56,neutral,51.83,neutral,uptrend,high,14.949999809265137,RISK_ON,0.04,396.30999755859375,0,0
2026-01-02,SPY,HOLD,0.49,0.51,neutral,52.85,neutral,uptrend,low,14.510000228881836,RISK_ON,0.04,681.309326171875,0,0
2026-01-02,IWM,HOLD,0.49,0.51,neutral,50.72,neutral,uptrend,low,14.510000228881836,RISK_ON,0.04,248.33824157714844,0,0
2026-01-02,GLD,HOLD,0.44,0.56,neutral,53.74,neutral,uptrend,high,14.510000228881836,RISK_ON,0.04,398.2799987792969,10,9
2026-01-05,SPY,HOLD,0.49,0.51,neutral,57.38,neutral,uptrend,low,14.899999618530273,RISK_ON,0.04,685.846923828125,0,0
2026-01-05,IWM,HOLD,0.49,0.51,neutral,56.97,neutral,uptrend,low,14.899999618530273,RISK_ON,0.04,252.28123474121094,0,0
2026-01-05,GLD,HOLD,0.44,0.56,neutral,62.31,neutral,uptrend,high,14.899999618530273,RISK_ON,0.04,408.760009765625,10,9
2026-01-06,SPY,HOLD,0.49,0.51,neutral,61.01,neutral,uptrend,low,14.75,RISK_ON,0.04,689.92578125,0,0
2026-01-06,IWM,HOLD,0.49,0.51,neutral,61.44,neutral,uptrend,low,14.75,RISK_ON,0.04,255.62527465820312,0,0
2026-01-06,GLD,HOLD,0.44,0.56,neutral,65.24,neutral,uptrend,high,14.75,RISK_ON,0.04,413.17999267578125,8,8
2026-01-07,SPY,HOLD,0.49,0.51,neutral,58.11,neutral,uptrend,low,15.380000114440918,RISK_ON,0.04,687.701904296875,0,0
2026-01-07,IWM,HOLD,0.49,0.51,neutral,60.23,neutral,uptrend,low,15.380000114440918,RISK_ON,0.04,255.02635192871094,0,0
2026-01-07,GLD,HOLD,0.44,0.56,neutral,60.7,neutral,uptrend,high,15.380000114440918,RISK_ON,0.04,409.2300109863281,5,5
2026-01-08,SPY,HOLD,0.49,0.51,neutral,58.01,neutral,uptrend,low,15.449999809265137,RISK_ON,0.04,687.632080078125,0,0
2026-01-08,IWM,HOLD,0.49,0.51,neutral,63.79,neutral,uptrend,low,15.449999809265137,RISK_ON,0.04,257.8113708496094,0,0
2026-01-08,GLD,SELL,0.19,0.81,bearish,62.32,neutral,uptrend,high,15.449999809265137,RISK_ON,0.04,411.489990234375,4,2
2026-01-09,SPY,HOLD,0.49,0.51,neutral,62.27,neutral,uptrend,low,14.489999771118164,RISK_ON,0.04,692.1796264648438,0,0
2026-01-09,IWM,HOLD,0.44,0.56,neutral,66.09,neutral,uptrend,high,14.489999771118164,RISK_ON,0.04,259.7679138183594,0,0
2026-01-09,GLD,HOLD,0.44,0.56,neutral,64.39,neutral,uptrend,high,14.489999771118164,RISK_ON,0.04,414.4700012207031,8,7
2026-01-12,SPY,HOLD,0.49,0.51,neutral,63.23,neutral,uptrend,low,15.119999885559082,RISK_ON,0.04,693.2666625976562,0,0
2026-01-12,IWM,HOLD,0.44,0.56,neutral,67.52,neutral,uptrend,high,15.119999885559082,RISK_ON,0.04,261.03564453125,0,0
2026-01-12,GLD,HOLD,0.44,0.56,neutral,69.16,neutral,uptrend,high,15.119999885559082,RISK_ON,0.04,422.2300109863281,14,10
2026-01-13,SPY,HOLD,0.49,0.51,neutral,61.09,neutral,uptrend,low,15.979999542236328,RISK_ON,0.04,691.8804931640625,0,0
2026-01-13,IWM,HOLD,0.44,0.56,neutral,67.16,neutral,uptrend,high,15.979999542236328,RISK_ON,0.04,260.88592529296875,0,0
2026-01-13,GLD,HOLD,0.44,0.56,neutral,68.4,neutral,uptrend,high,15.979999542236328,RISK_ON,0.04,421.6300048828125,5,4
2026-01-14,SPY,HOLD,0.49,0.51,neutral,56.09,neutral,uptrend,low,16.75,RISK_ON,0.04,688.479736328125,0,0
2026-01-14,IWM,HOLD,0.44,0.56,neutral,69.33,neutral,uptrend,high,16.75,RISK_ON,0.04,262.72265625,0,0
2026-01-14,GLD,BUY,0.74,0.26,neutral,70.88,overbought,uptrend,high,16.75,RISK_ON,0.04,425.94000244140625,10,10
2026-01-15,SPY,HOLD,0.49,0.51,neutral,58.13,neutral,uptrend,low,15.84000015258789,RISK_ON,0.04,690.3546142578125,0,0
2026-01-15,IWM,BUY,0.74,0.26,neutral,71.86,overbought,uptrend,high,15.84000015258789,RISK_ON,0.04,265.0385437011719,0,0
2026-01-15,GLD,HOLD,0.44,0.56,neutral,67.43,neutral,uptrend,high,15.84000015258789,RISK_ON,0.04,423.3299865722656,9,8
2026-01-16,SPY,HOLD,0.49,0.51,neutral,57.25,neutral,uptrend,low,15.859999656677246,RISK_ON,0.04,689.7761840820312,0,0
2026-01-16,IWM,BUY,0.74,0.26,neutral,72.13,overbought,uptrend,high,15.859999656677246,RISK_ON,0.04,265.2881164550781,0,0
2026-01-16,GLD,SELL,0.19,0.81,bearish,64.77,neutral,uptrend,high,15.859999656677246,RISK_ON,0.04,421.2900085449219,13,10
2026-01-19,SPY,HOLD,0.49,0.51,neutral,57.25,neutral,uptrend,low,15.859999656677246,RISK_ON,0.04,689.7761840820312,0,0
2026-01-19,IWM,BUY,0.74,0.26,neutral,72.13,overbought,uptrend,high,15.859999656677246,RISK_ON,0.04,265.2881164550781,8,7
2026-01-19,GLD,SELL,0.19,0.81,bearish,64.77,neutral,uptrend,high,15.859999656677246,RISK_ON,0.04,421.2900085449219,5,4
2026-01-20,SPY,HOLD,0.45,0.55,neutral,41.0,neutral,uptrend,low,20.09000015258789,NEUTRAL,0.0,675.7345581054688,0,0
2026-01-20,IWM,SELL,0.4,0.6,neutral,63.84,neutral,uptrend,high,20.09000015258789,NEUTRAL,0.0,262.1137390136719,29,9
2026-01-20,GLD,BUY,0.7,0.3,neutral,73.54,overbought,uptrend,high,20.09000015258789,NEUTRAL,0.0,437.2300109863281,15,10
2026-01-21,SPY,HOLD,0.49,0.51,neutral,49.56,neutral,uptrend,low,16.899999618530273,RISK_ON,0.04,683.5332641601562,0,0
2026-01-21,IWM,HOLD,0.44,0.56,neutral,69.94,neutral,uptrend,high,16.899999618530273,RISK_ON,0.04,267.3144836425781,21,8
2026-01-21,GLD,BUY,0.74,0.26,neutral,76.1,overbought,uptrend,high,16.899999618530273,RISK_ON,0.04,443.6000061035156,11,9
2026-01-22,SPY,HOLD,0.49,0.51,neutral,52.93,neutral,uptrend,low,15.640000343322754,RISK_ON,0.04,687.103515625,0,0
2026-01-22,IWM,BUY,0.74,0.26,neutral,71.89,overbought,uptrend,high,15.640000343322754,RISK_ON,0.04,269.3109436035156,19,10
2026-01-22,GLD,BUY,0.74,0.26,neutral,78.93,overbought,uptrend,high,15.640000343322754,RISK_ON,0.04,451.7900085449219,6,6
2026-01-23,SPY,HOLD,0.49,0.51,neutral,53.16,neutral,uptrend,low,16.09000015258789,RISK_ON,0.04,687.352783203125,0,0
2026-01-23,IWM,HOLD,0.44,0.56,neutral,61.2,neutral,uptrend,high,16.09000015258789,RISK_ON,0.04,264.33978271484375,21,6
2026-01-23,GLD,BUY,0.74,0.26,neutral,80.78,overbought,uptrend,high,16.09000015258789,RISK_ON,0.04,458.0,7,7
2026-01-26,SPY,HOLD,0.49,0.51,neutral,56.45,neutral,uptrend,low,16.149999618530273,RISK_ON,0.04,690.84326171875,49,8
2026-01-26,IWM,HOLD,0.44,0.56,neutral,59.61,neutral,uptrend,high,16.149999618530273,RISK_ON,0.04,263.5112609863281,25,6
2026-01-26,GLD,BUY,0.74,0.26,neutral,82.57,overbought,uptrend,high,16.149999618530273,RISK_ON,0.04,464.70001220703125,21,8
2026-01-27,SPY,HOLD,0.49,0.51,neutral,58.89,neutral,uptrend,low,16.350000381469727,RISK_ON,0.04,693.5957641601562,49,7
2026-01-27,IWM,HOLD,0.44,0.56,neutral,60.61,neutral,uptrend,high,16.350000381469727,RISK_ON,0.04,264.25994873046875,18,9
2026-01-27,GLD,BUY,0.74,0.26,neutral,85.1,overbought,uptrend,high,16.350000381469727,RISK_ON,0.04,476.1000061035156,18,9
2026-01-28,SPY,HOLD,0.49,0.51,neutral,58.8,neutral,uptrend,low,16.350000381469727,RISK_ON,0.04,693.5259399414062,41,7
2026-01-28,IWM,HOLD,0.44,0.56,neutral,57.69,neutral,uptrend,high,16.350000381469727,RISK_ON,0.04,262.83245849609375,17,7
2026-01-28,GLD,BUY,0.74,0.26,neutral,88.11,overbought,uptrend,high,16.350000381469727,RISK_ON,0.04,494.55999755859375,11,10
2026-01-29,SPY,HOLD,0.49,0.51,neutral,56.95,neutral,uptrend,low,16.8799991607666,RISK_ON,0.04,692.1497192382812,40,9
2026-01-29,IWM,HOLD,0.44,0.56,neutral,57.8,neutral,uptrend,high,16.8799991607666,RISK_ON,0.04,262.90234375,18,10
2026-01-29,GLD,HOLD,0.49,0.51,bearish,88.3,overbought,uptrend,high,16.8799991607666,RISK_ON,0.04,495.8999938964844,18,8
2026-01-30,SPY,HOLD,0.49,0.51,neutral,54.19,neutral,uptrend,low,17.440000534057617,RISK_ON,0.04,690.0853271484375,54,8
2026-01-30,IWM,SELL,0.19,0.81,bearish,50.47,neutral,uptrend,high,17.440000534057617,RISK_ON,0.04,259.1889343261719,32,9
2026-01-30,GLD,HOLD,0.44,0.56,neutral,53.94,neutral,uptrend,high,17.440000534057617,RISK_ON,0.04,444.95001220703125,16,10
2026-02-02,SPY,HOLD,0.49,0.51,neutral,57.84,neutral,uptrend,low,16.34000015258789,RISK_ON,0.04,693.5159912109375,0,0
2026-02-02,IWM,HOLD,0.44,0.56,neutral,54.68,neutral,uptrend,high,16.34000015258789,RISK_ON,0.04,261.7144470214844,0,0
2026-02-02,GLD,HOLD,0.44,0.56,neutral,47.04,neutral,uptrend,high,16.34000015258789,RISK_ON,0.04,427.1300048828125,18,10
2026-02-03,SPY,HOLD,0.45,0.55,neutral,50.44,neutral,uptrend,low,18.0,NEUTRAL,0.0,687.6520385742188,0,0
2026-02-03,IWM,SELL,0.4,0.6,neutral,55.64,neutral,uptrend,high,18.0,NEUTRAL,0.0,262.3133850097656,0,0
2026-02-03,GLD,SELL,0.4,0.6,neutral,56.23,neutral,uptrend,high,18.0,NEUTRAL,0.0,454.2900085449219,18,9
2026-02-04,SPY,HOLD,0.45,0.55,neutral,46.78,neutral,uptrend,low,18.639999389648438,NEUTRAL,0.0,684.3211059570312,0,0
2026-02-04,IWM,HOLD,0.45,0.55,neutral,51.23,neutral,uptrend,low,18.639999389648438,NEUTRAL,0.0,260.0574035644531,0,0
2026-02-04,GLD,SELL,0.4,0.6,neutral,56.1,neutral,uptrend,high,18.639999389648438,NEUTRAL,0.0,453.9700012207031,10,8
2026-02-05,SPY,HOLD,0.45,0.55,neutral,38.96,neutral,uptrend,low,21.770000457763672,NEUTRAL,0.0,675.7744750976562,0,0
2026-02-05,IWM,HOLD,0.45,0.55,neutral,43.52,neutral,uptrend,low,21.770000457763672,NEUTRAL,0.0,255.375732421875,0,0
2026-02-05,GLD,SELL,0.4,0.6,neutral,51.5,neutral,uptrend,high,21.770000457763672,NEUTRAL,0.0,441.8800048828125,11,10
2026-02-06,SPY,HOLD,0.45,0.55,neutral,52.05,neutral,uptrend,low,20.3700008392334,NEUTRAL,0.0,688.739013671875,0,0
2026-02-06,IWM,HOLD,0.45,0.55,neutral,57.13,neutral,uptrend,low,20.3700008392334,NEUTRAL,0.0,264.5494079589844,0,0
2026-02-06,GLD,SELL,0.4,0.6,neutral,55.88,neutral,uptrend,high,20.3700008392334,NEUTRAL,0.0,455.4599914550781,9,9
2026-02-09,SPY,HOLD,0.49,0.51,neutral,54.73,neutral,uptrend,low,17.360000610351562,RISK_ON,0.04,692.0599975585938,0,0
2026-02-09,IWM,HOLD,0.49,0.51,neutral,59.27,neutral,uptrend,low,17.360000610351562,RISK_ON,0.04,266.4060974121094,0,0
2026-02-09,GLD,HOLD,0.44,0.56,neutral,59.25,neutral,uptrend,high,17.360000610351562,RISK_ON,0.04,467.0299987792969,8,8
2026-02-10,SPY,HOLD,0.49,0.51,neutral,52.98,neutral,uptrend,low,17.790000915527344,RISK_ON,0.04,690.2349243164062,0,0
2026-02-10,IWM,HOLD,0.49,0.51,neutral,58.07,neutral,uptrend,low,17.790000915527344,RISK_ON,0.04,265.6873779296875,0,0
2026-02-10,GLD,BUY,0.69,0.31,bullish,57.36,neutral,uptrend,high,17.790000915527344,RISK_ON,0.04,462.3999938964844,9,8
2026-02-11,SPY,HOLD,0.49,0.51,neutral,52.82,neutral,uptrend,low,17.649999618530273,RISK_ON,0.04,690.075439453125,0,0
2026-02-11,IWM,HOLD,0.49,0.51,neutral,56.0,neutral,uptrend,low,17.649999618530273,RISK_ON,0.04,264.47955322265625,0,0
2026-02-11,GLD,HOLD,0.44,0.56,neutral,58.96,neutral,uptrend,high,17.649999618530273,RISK_ON,0.04,467.6300048828125,10,6
2026-02-12,SPY,HOLD,0.45,0.55,neutral,43.43,neutral,uptrend,low,20.81999969482422,NEUTRAL,0.0,679.41455078125,0,0
2026-02-12,IWM,HOLD,0.45,0.55,neutral,47.81,neutral,uptrend,low,20.81999969482422,NEUTRAL,0.0,259.07916259765625,0,0
2026-02-12,GLD,SELL,0.15,0.85,bearish,52.41,neutral,uptrend,high,20.81999969482422,NEUTRAL,0.0,451.3900146484375,14,9
2026-02-13,SPY,HOLD,0.45,0.55,neutral,43.92,neutral,uptrend,low,20.600000381469727,NEUTRAL,0.0,679.8931884765625,0,0
2026-02-13,IWM,HOLD,0.45,0.55,neutral,52.53,neutral,uptrend,low,20.600000381469727,NEUTRAL,0.0,262.4930725097656,0,0
2026-02-13,GLD,BUY,0.65,0.35,bullish,56.04,neutral,uptrend,high,20.600000381469727,NEUTRAL,0.0,462.6199951171875,14,10
2026-02-16,SPY,HOLD,0.45,0.55,neutral,43.92,neutral,uptrend,low,20.600000381469727,NEUTRAL,0.0,679.8931884765625,0,0
2026-02-16,IWM,HOLD,0.45,0.55,neutral,52.53,neutral,uptrend,low,20.600000381469727,NEUTRAL,0.0,262.4930725097656,8,7
2026-02-16,GLD,BUY,0.65,0.35,bullish,56.04,neutral,uptrend,high,20.600000381469727,NEUTRAL,0.0,462.6199951171875,3,3
2026-02-17,SPY,HOLD,0.45,0.55,neutral,45.07,neutral,uptrend,low,20.290000915527344,NEUTRAL,0.0,680.9901733398438,0,0
2026-02-17,IWM,HOLD,0.45,0.55,neutral,52.64,neutral,uptrend,low,20.290000915527344,NEUTRAL,0.0,262.57293701171875,23,8
2026-02-17,GLD,SELL,0.15,0.85,bearish,50.69,neutral,uptrend,high,20.290000915527344,NEUTRAL,0.0,448.20001220703125,10,10
2026-02-18,SPY,HOLD,0.45,0.55,neutral,48.63,neutral,uptrend,low,19.6200008392334,NEUTRAL,0.0,684.4208374023438,0,0
2026-02-18,IWM,HOLD,0.45,0.55,neutral,53.98,neutral,uptrend,low,19.6200008392334,NEUTRAL,0.0,263.521240234375,24,9
2026-02-18,GLD,BUY,0.65,0.35,bullish,54.0,neutral,uptrend,high,19.6200008392334,NEUTRAL,0.0,458.2799987792969,13,9
2026-02-19,SPY,HOLD,0.45,0.55,neutral,46.91,neutral,uptrend,low,20.229999542236328,NEUTRAL,0.0,682.61572265625,0,0
2026-02-19,IWM,HOLD,0.45,0.55,neutral,54.86,neutral,uptrend,low,20.229999542236328,NEUTRAL,0.0,264.1301574707031,17,10
2026-02-19,GLD,SELL,0.4,0.6,neutral,54.42,neutral,uptrend,high,20.229999542236328,NEUTRAL,0.0,459.55999755859375,1,1
2026-02-20,SPY,HOLD,0.45,0.55,neutral,51.93,neutral,uptrend,low,19.09000015258789,NEUTRAL,0.0,687.5523071289062,0,0
2026-02-20,IWM,SELL,0.2,0.8,bearish,54.88,neutral,uptrend,low,19.09000015258789,NEUTRAL,0.0,264.14013671875,33,10
2026-02-20,GLD,BUY,0.65,0.35,bullish,57.37,neutral,uptrend,high,19.09000015258789,NEUTRAL,0.0,468.6199951171875,6,5
2026-02-23,SPY,HOLD,0.45,0.55,neutral,45.36,neutral,uptrend,low,21.010000228881836,NEUTRAL,0.0,680.531494140625,0,0
2026-02-23,IWM,SELL,0.2,0.8,bearish,47.71,neutral,uptrend,low,21.010000228881836,NEUTRAL,0.0,260.0274353027344,23,9
2026-02-23,GLD,SELL,0.4,0.6,neutral,61.16,neutral,uptrend,high,21.010000228881836,NEUTRAL,0.0,481.2799987792969,4,3
2026-02-24,SPY,BUY,0.7,0.3,bullish,50.14,neutral,uptrend,low,19.549999237060547,NEUTRAL,0.0,685.4779052734375,14,9
2026-02-24,IWM,HOLD,0.45,0.55,neutral,52.33,neutral,uptrend,low,19.549999237060547,NEUTRAL,0.0,262.8623962402344,18,10
2026-02-24,GLD,BUY,0.65,0.35,bullish,58.22,neutral,uptrend,high,19.549999237060547,NEUTRAL,0.0,474.6099853515625,3,3
2026-02-25,SPY,BUY,0.74,0.26,bullish,55.1,neutral,uptrend,low,17.93000030517578,RISK_ON,0.04,691.26220703125,70,9
2026-02-25,IWM,HOLD,0.49,0.51,neutral,54.25,neutral,uptrend,low,17.93000030517578,RISK_ON,0.04,264.11016845703125,20,8
2026-02-25,GLD,HOLD,0.44,0.56,neutral,57.69,neutral,uptrend,high,17.93000030517578,RISK_ON,0.04,473.4200134277344,5,4
2026-02-26,SPY,HOLD,0.45,0.55,neutral,51.44,neutral,uptrend,low,18.6299991607666,NEUTRAL,0.0,687.422607421875,60,10
2026-02-26,IWM,SELL,0.2,0.8,bearish,56.38,neutral,uptrend,low,18.6299991607666,NEUTRAL,0.0,265.5176696777344,21,9
2026-02-26,GLD,SELL,0.4,0.6,neutral,59.07,neutral,uptrend,high,18.6299991607666,NEUTRAL,0.0,477.4800109863281,7,6
2026-02-27,SPY,SELL,0.2,0.8,bearish,48.47,neutral,uptrend,low,19.860000610351562,NEUTRAL,0.0,684.1216430664062,56,9
2026-02-27,IWM,SELL,0.2,0.8,bearish,48.48,neutral,uptrend,low,19.860000610351562,NEUTRAL,0.0,260.9458312988281,17,8
2026-02-27,GLD,SELL,0.4,0.6,neutral,61.16,neutral,uptrend,high,19.860000610351562,NEUTRAL,0.0,483.75,4,4
2026-03-02,SPY,HOLD,0.45,0.55,neutral,48.84,neutral,downtrend,low,21.440000534057617,NEUTRAL,0.0,684.5106201171875,0,0
2026-03-02,IWM,HOLD,0.45,0.55,neutral,52.26,neutral,uptrend,low,21.440000534057617,NEUTRAL,0.0,263.341552734375,0,0
2026-03-02,GLD,SELL,0.4,0.6,neutral,63.19,neutral,uptrend,high,21.440000534057617,NEUTRAL,0.0,490.0,12,10
2026-03-03,SPY,HOLD,0.45,0.55,neutral,43.55,neutral,downtrend,low,23.56999969482422,NEUTRAL,0.0,678.4771118164062,0,0
2026-03-03,IWM,HOLD,0.45,0.55,neutral,45.43,neutral,uptrend,low,23.56999969482422,NEUTRAL,0.0,258.7796630859375,0,0
2026-03-03,GLD,SELL,0.4,0.6,neutral,52.81,neutral,uptrend,high,23.56999969482422,NEUTRAL,0.0,468.1400146484375,13,10
2026-03-04,SPY,HOLD,0.45,0.55,neutral,48.33,neutral,downtrend,low,21.149999618530273,NEUTRAL,0.0,683.2639770507812,0,0
2026-03-04,IWM,HOLD,0.45,0.55,neutral,49.36,neutral,uptrend,low,21.149999618530273,NEUTRAL,0.0,261.2951965332031,0,0
2026-03-04,GLD,SELL,0.4,0.6,neutral,54.17,neutral,uptrend,high,21.149999618530273,NEUTRAL,0.0,471.79998779296875,5,5
2026-03-05,SPY,HOLD,0.45,0.55,neutral,45.06,neutral,downtrend,low,23.75,NEUTRAL,0.0,679.4544067382812,0,0
2026-03-05,IWM,HOLD,0.45,0.55,neutral,42.78,neutral,uptrend,low,23.75,NEUTRAL,0.0,256.3040771484375,0,0
2026-03-05,GLD,SELL,0.15,0.85,bearish,51.69,neutral,uptrend,high,23.75,NEUTRAL,0.0,466.1300048828125,3,3
2026-03-06,SPY,SELL,0.41,0.59,neutral,38.49,neutral,downtrend,low,29.489999771118164,RISK_OFF,-0.04,670.5487060546875,0,0
2026-03-06,IWM,SELL,0.36,0.64,neutral,36.61,neutral,uptrend,high,29.489999771118164,RISK_OFF,-0.04,250.4445037841797,0,0
2026-03-06,GLD,SELL,0.11,0.89,bearish,54.6,neutral,uptrend,high,29.489999771118164,RISK_OFF,-0.04,473.510009765625,7,6
2026-03-09,SPY,SELL,0.41,0.59,neutral,44.26,neutral,downtrend,low,25.5,RISK_OFF,-0.04,676.4227294921875,0,0
2026-03-09,IWM,SELL,0.36,0.64,neutral,40.88,neutral,uptrend,high,25.5,RISK_OFF,-0.04,253.16964721679688,0,0
2026-03-09,GLD,SELL,0.36,0.64,neutral,54.14,neutral,uptrend,high,25.5,RISK_OFF,-0.04,472.5299987792969,4,4
2026-03-10,SPY,HOLD,0.45,0.55,neutral,43.45,neutral,downtrend,low,24.93000030517578,NEUTRAL,0.0,675.3356323242188,0,0
2026-03-10,IWM,SELL,0.4,0.6,neutral,40.6,neutral,uptrend,high,24.93000030517578,NEUTRAL,0.0,252.9101104736328,0,0
2026-03-10,GLD,SELL,0.4,0.6,neutral,56.32,neutral,uptrend,high,24.93000030517578,NEUTRAL,0.0,477.8599853515625,9,9
2026-03-11,SPY,HOLD,0.45,0.55,neutral,42.79,neutral,downtrend,low,24.229999542236328,NEUTRAL,0.0,674.4879760742188,0,0
2026-03-11,IWM,SELL,0.4,0.6,neutral,40.02,neutral,uptrend,high,24.229999542236328,NEUTRAL,0.0,252.40103149414062,0,0
2026-03-11,GLD,SELL,0.4,0.6,neutral,55.46,neutral,uptrend,high,24.229999542236328,NEUTRAL,0.0,476.239990234375,9,9
2026-03-12,SPY,SELL,0.41,0.59,neutral,35.73,neutral,downtrend,low,27.290000915527344,RISK_OFF,-0.04,664.2459106445312,0,0
2026-03-12,IWM,SELL,0.36,0.64,neutral,34.38,neutral,downtrend,high,27.290000915527344,RISK_OFF,-0.04,246.97068786621094,0,0
2026-03-12,GLD,SELL,0.11,0.89,bearish,50.62,neutral,uptrend,high,27.290000915527344,RISK_OFF,-0.04,466.8800048828125,4,4
2026-03-13,SPY,SELL,0.41,0.59,neutral,33.54,neutral,downtrend,low,27.190000534057617,RISK_OFF,-0.04,660.4862060546875,0,0
2026-03-13,IWM,SELL,0.36,0.64,neutral,33.61,neutral,downtrend,high,27.190000534057617,RISK_OFF,-0.04,246.15213012695312,0,0
2026-03-13,GLD,SELL,0.11,0.89,bearish,47.72,neutral,uptrend,high,27.190000534057617,RISK_OFF,-0.04,460.8399963378906,5,5
2026-03-16,SPY,HOLD,0.45,0.55,neutral,40.55,neutral,downtrend,low,23.510000228881836,NEUTRAL,0.0,667.2078857421875,0,0
2026-03-16,IWM,SELL,0.4,0.6,neutral,37.86,neutral,downtrend,high,23.510000228881836,NEUTRAL,0.0,248.47799682617188,0,0
2026-03-16,GLD,SELL,0.4,0.6,neutral,47.52,neutral,uptrend,high,23.510000228881836,NEUTRAL,0.0,460.42999267578125,5,5
2026-03-17,SPY,HOLD,0.45,0.55,neutral,42.26,neutral,downtrend,low,22.3700008392334,NEUTRAL,0.0,668.9630126953125,0,0
2026-03-17,IWM,SELL,0.4,0.6,neutral,40.63,neutral,downtrend,high,22.3700008392334,NEUTRAL,0.0,250.0500030517578,17,8
2026-03-17,GLD,SELL,0.4,0.6,neutral,46.93,neutral,uptrend,high,22.3700008392334,NEUTRAL,0.0,459.2699890136719,5,5
2026-03-18,SPY,SELL,0.36,0.64,neutral,36.28,neutral,downtrend,high,25.09000015258789,RISK_OFF,-0.04,659.6285400390625,0,0
2026-03-18,IWM,SELL,0.36,0.64,neutral,36.18,neutral,downtrend,high,25.09000015258789,RISK_OFF,-0.04,246.02000427246094,21,7
2026-03-18,GLD,SELL,0.11,0.89,bearish,40.15,neutral,uptrend,high,25.09000015258789,RISK_OFF,-0.04,444.739990234375,5,5
2026-03-19,SPY,SELL,0.4,0.6,neutral,35.34,neutral,downtrend,high,24.059999465942383,NEUTRAL,0.0,658.0029907226562,0,0
2026-03-19,IWM,SELL,0.15,0.85,bearish,39.05,neutral,downtrend,high,24.059999465942383,NEUTRAL,0.0,247.6300048828125,16,10
2026-03-19,GLD,SELL,0.15,0.85,bearish,33.56,neutral,uptrend,high,24.059999465942383,NEUTRAL,0.0,426.4100036621094,12,10
2026-03-20,SPY,SELL,0.36,0.64,neutral,30.42,neutral,downtrend,high,26.780000686645508,RISK_OFF,-0.04,648.5700073242188,0,0
2026-03-20,IWM,SELL,0.36,0.64,neutral,33.58,neutral,downtrend,high,26.780000686645508,RISK_OFF,-0.04,242.22000122070312,24,9
2026-03-20,GLD,HOLD,0.46,0.54,neutral,29.81,oversold,uptrend,high,26.780000686645508,RISK_OFF,-0.04,413.3800048828125,12,10
2026-03-23,SPY,SELL,0.36,0.64,neutral,37.22,neutral,downtrend,high,26.149999618530273,RISK_OFF,-0.04,655.3800048828125,0,0
2026-03-23,IWM,SELL,0.36,0.64,neutral,42.04,neutral,downtrend,high,26.149999618530273,RISK_OFF,-0.04,247.4499969482422,25,9
2026-03-23,GLD,HOLD,0.46,0.54,neutral,27.45,oversold,uptrend,high,26.149999618530273,RISK_OFF,-0.04,404.0400085449219,16,8
2026-03-24,SPY,SELL,0.36,0.64,neutral,35.99,neutral,downtrend,high,26.950000762939453,RISK_OFF,-0.04,653.1799926757812,0,0
2026-03-24,IWM,SELL,0.36,0.64,neutral,43.99,neutral,downtrend,high,26.950000762939453,RISK_OFF,-0.04,248.77999877929688,21,7
2026-03-24,GLD,HOLD,0.46,0.54,neutral,27.51,oversold,uptrend,high,26.950000762939453,RISK_OFF,-0.04,404.1300048828125,13,10
2026-03-25,SPY,SELL,0.36,0.64,neutral,39.53,neutral,downtrend,high,25.329999923706055,RISK_OFF,-0.04,656.8200073242188,0,0
2026-03-25,IWM,SELL,0.36,0.64,neutral,48.28,neutral,downtrend,high,25.329999923706055,RISK_OFF,-0.04,251.82000732421875,17,8
2026-03-25,GLD,BUY,0.61,0.39,bullish,35.25,neutral,uptrend,high,25.329999923706055,RISK_OFF,-0.04,416.2900085449219,12,8
2026-03-26,SPY,SELL,0.36,0.64,neutral,33.17,neutral,downtrend,high,27.440000534057617,RISK_OFF,-0.04,645.0900268554688,11,10
2026-03-26,IWM,SELL,0.36,0.64,neutral,43.15,neutral,downtrend,high,27.440000534057617,RISK_OFF,-0.04,247.44000244140625,15,9
2026-03-26,GLD,SELL,0.36,0.64,neutral,30.71,neutral,downtrend,high,27.440000534057617,RISK_OFF,-0.04,400.6400146484375,10,9
2026-03-27,SPY,HOLD,0.46,0.54,neutral,28.53,oversold,downtrend,high,31.049999237060547,RISK_OFF,-0.04,634.0900268554688,68,10
2026-03-27,IWM,SELL,0.36,0.64,neutral,38.76,neutral,downtrend,high,31.049999237060547,RISK_OFF,-0.04,243.10000610351562,18,9
2026-03-27,GLD,SELL,0.36,0.64,neutral,38.4,neutral,downtrend,high,31.049999237060547,RISK_OFF,-0.04,414.70001220703125,9,8
2026-03-30,SPY,HOLD,0.46,0.54,neutral,27.73,oversold,downtrend,high,30.610000610351562,RISK_OFF,-0.04,631.969970703125,83,8
2026-03-30,IWM,SELL,0.36,0.64,neutral,35.62,neutral,downtrend,high,30.610000610351562,RISK_OFF,-0.04,239.61000061035156,30,8
2026-03-30,GLD,SELL,0.36,0.64,neutral,38.36,neutral,downtrend,high,30.610000610351562,RISK_OFF,-0.04,414.5799865722656,8,6
2026-03-31,SPY,SELL,0.36,0.64,neutral,42.78,neutral,downtrend,high,25.25,RISK_OFF,-0.04,650.3400268554688,65,9
2026-03-31,IWM,SELL,0.36,0.64,neutral,46.78,neutral,downtrend,high,25.25,RISK_OFF,-0.04,248.0,22,10
2026-03-31,GLD,SELL,0.36,0.64,neutral,46.1,neutral,downtrend,high,25.25,RISK_OFF,-0.04,430.2900085449219,9,8
2026-04-01,SPY,SELL,0.4,0.6,neutral,46.02,neutral,downtrend,high,24.540000915527344,NEUTRAL,0.0,655.239990234375,0,0
2026-04-01,IWM,SELL,0.4,0.6,neutral,48.56,neutral,downtrend,high,24.540000915527344,NEUTRAL,0.0,249.55999755859375,0,0
2026-04-01,GLD,SELL,0.4,0.6,neutral,49.38,neutral,downtrend,high,24.540000915527344,NEUTRAL,0.0,437.82000732421875,10,9
2026-04-02,SPY,SELL,0.4,0.6,neutral,46.41,neutral,downtrend,high,23.8700008392334,NEUTRAL,0.0,655.8300170898438,0,0
2026-04-02,IWM,SELL,0.4,0.6,neutral,50.55,neutral,downtrend,high,23.8700008392334,NEUTRAL,0.0,251.2899932861328,0,0
2026-04-02,GLD,SELL,0.15,0.85,bearish,46.01,neutral,downtrend,high,23.8700008392334,NEUTRAL,0.0,429.4100036621094,5,4
2026-04-03,SPY,SELL,0.4,0.6,neutral,46.41,neutral,downtrend,high,23.8700008392334,NEUTRAL,0.0,655.8300170898438,0,0
2026-04-03,IWM,SELL,0.4,0.6,neutral,50.55,neutral,downtrend,high,23.8700008392334,NEUTRAL,0.0,251.2899932861328,0,0
2026-04-03,GLD,SELL,0.4,0.6,neutral,46.01,neutral,downtrend,high,23.8700008392334,NEUTRAL,0.0,429.4100036621094,6,4
2026-04-06,SPY,SELL,0.4,0.6,neutral,48.53,neutral,downtrend,high,24.170000076293945,NEUTRAL,0.0,658.9299926757812,0,0
2026-04-06,IWM,SELL,0.4,0.6,neutral,51.78,neutral,downtrend,high,24.170000076293945,NEUTRAL,0.0,252.36000061035156,0,0
2026-04-06,GLD,SELL,0.4,0.6,neutral,45.32,neutral,downtrend,high,24.170000076293945,NEUTRAL,0.0,427.6499938964844,1,0
2026-04-07,SPY,SELL,0.36,0.64,neutral,48.73,neutral,downtrend,high,25.780000686645508,RISK_OFF,-0.04,659.219970703125,0,0
2026-04-07,IWM,SELL,0.36,0.64,neutral,52.44,neutral,downtrend,high,25.780000686645508,RISK_OFF,-0.04,252.91000366210938,0,0
2026-04-07,GLD,SELL,0.36,0.64,neutral,47.35,neutral,downtrend,high,25.780000686645508,RISK_OFF,-0.04,431.80999755859375,6,6
2026-04-08,SPY,SELL,0.4,0.6,neutral,58.89,neutral,downtrend,high,21.040000915527344,NEUTRAL,0.0,676.010009765625,0,0
2026-04-08,IWM,SELL,0.4,0.6,neutral,60.44,neutral,downtrend,high,21.040000915527344,NEUTRAL,0.0,260.4700012207031,0,0
2026-04-08,GLD,SELL,0.15,0.85,bearish,48.69,neutral,downtrend,high,21.040000915527344,NEUTRAL,0.0,434.5299987792969,7,7
2026-04-09,SPY,SELL,0.4,0.6,neutral,60.83,neutral,downtrend,high,19.489999771118164,NEUTRAL,0.0,679.9099731445312,0,0
2026-04-09,IWM,SELL,0.4,0.6,neutral,61.8,neutral,downtrend,high,19.489999771118164,NEUTRAL,0.0,261.9599914550781,0,0
2026-04-09,GLD,SELL,0.4,0.6,neutral,50.38,neutral,downtrend,high,19.489999771118164,NEUTRAL,0.0,437.9100036621094,7,7
2026-04-10,SPY,SELL,0.4,0.6,neutral,60.48,neutral,downtrend,high,19.229999542236328,NEUTRAL,0.0,679.4600219726562,0,0
2026-04-10,IWM,SELL,0.4,0.6,neutral,60.8,neutral,downtrend,high,19.229999542236328,NEUTRAL,0.0,261.29998779296875,0,0
2026-04-10,GLD,SELL,0.4,0.6,neutral,49.97,neutral,downtrend,high,19.229999542236328,NEUTRAL,0.0,437.1300048828125,4,4
2026-04-13,SPY,SELL,0.4,0.6,neutral,63.83,neutral,downtrend,high,19.1200008392334,NEUTRAL,0.0,686.0999755859375,0,0
2026-04-13,IWM,SELL,0.4,0.6,neutral,64.35,neutral,downtrend,high,19.1200008392334,NEUTRAL,0.0,265.07000732421875,0,0
2026-04-13,GLD,SELL,0.4,0.6,neutral,49.0,neutral,downtrend,high,19.1200008392334,NEUTRAL,0.0,435.3599853515625,2,2
2026-04-14,SPY,SELL,0.4,0.6,neutral,67.56,neutral,downtrend,high,18.360000610351562,NEUTRAL,0.0,694.4600219726562,0,0
2026-04-14,IWM,SELL,0.4,0.6,neutral,67.42,neutral,downtrend,high,18.360000610351562,NEUTRAL,0.0,268.7200012207031,0,0
2026-04-14,GLD,SELL,0.4,0.6,neutral,54.27,neutral,downtrend,high,18.360000610351562,NEUTRAL,0.0,445.0899963378906,6,4
2026-04-15,SPY,SELL,0.4,0.6,neutral,69.77,neutral,downtrend,high,18.170000076293945,NEUTRAL,0.0,699.9400024414062,0,0
2026-04-15,IWM,SELL,0.4,0.6,neutral,67.97,neutral,downtrend,high,18.170000076293945,NEUTRAL,0.0,269.3900146484375,5,4
2026-04-15,GLD,SELL,0.15,0.85,bearish,51.54,neutral,downtrend,high,18.170000076293945,NEUTRAL,0.0,440.4599914550781,7,4
2026-04-16,SPY,SELL,0.34,0.66,neutral,70.45,overbought,downtrend,high,17.940000534057617,RISK_ON,0.04,701.6599731445312,0,0
2026-04-16,IWM,HOLD,0.44,0.56,neutral,68.45,neutral,downtrend,high,17.940000534057617,RISK_ON,0.04,269.95001220703125,14,9
2026-04-16,GLD,SELL,0.19,0.81,bearish,51.31,neutral,downtrend,high,17.940000534057617,RISK_ON,0.04,440.0799865722656,2,2
2026-04-17,SPY,SELL,0.34,0.66,neutral,73.59,overbought,downtrend,high,17.479999542236328,RISK_ON,0.04,710.1400146484375,0,0
2026-04-17,IWM,SELL,0.34,0.66,neutral,72.95,overbought,downtrend,high,17.479999542236328,RISK_ON,0.04,275.7799987792969,27,9
2026-04-17,GLD,HOLD,0.44,0.56,neutral,54.64,neutral,downtrend,high,17.479999542236328,RISK_ON,0.04,445.92999267578125,7,6
2026-04-20,SPY,SELL,0.3,0.7,neutral,72.21,overbought,downtrend,high,18.8700008392334,NEUTRAL,0.0,708.719970703125,0,0
2026-04-20,IWM,SELL,0.3,0.7,neutral,74.03,overbought,downtrend,high,18.8700008392334,NEUTRAL,0.0,277.3500061035156,29,10
2026-04-20,GLD,SELL,0.15,0.85,bearish,52.12,neutral,downtrend,high,18.8700008392334,NEUTRAL,0.0,442.0899963378906,4,4
2026-04-21,SPY,SELL,0.4,0.6,neutral,67.72,neutral,downtrend,high,19.5,NEUTRAL,0.0,704.0800170898438,0,0
2026-04-21,IWM,SELL,0.4,0.6,neutral,68.71,neutral,uptrend,high,19.5,NEUTRAL,0.0,274.510009765625,16,9
2026-04-21,GLD,BUY,0.6,0.4,bullish,44.86,neutral,downtrend,high,19.5,NEUTRAL,0.0,429.57000732421875,5,5
2026-04-22,SPY,SELL,0.3,0.7,neutral,70.73,overbought,downtrend,high,18.920000076293945,NEUTRAL,0.0,711.2100219726562,0,0
2026-04-22,IWM,BUY,0.7,0.3,neutral,70.3,overbought,uptrend,high,18.920000076293945,NEUTRAL,0.0,276.4800109863281,13,10
2026-04-22,GLD,SELL,0.15,0.85,bearish,48.38,neutral,downtrend,high,18.920000076293945,NEUTRAL,0.0,435.260009765625,1,1
2026-04-23,SPY,SELL,0.4,0.6,neutral,68.08,neutral,uptrend,high,19.309999465942383,NEUTRAL,0.0,708.4500122070312,0,0
2026-04-23,IWM,SELL,0.15,0.85,bearish,68.47,neutral,uptrend,high,19.309999465942383,NEUTRAL,0.0,275.5199890136719,16,9
2026-04-23,GLD,BUY,0.6,0.4,bullish,46.03,neutral,downtrend,high,19.309999465942383,NEUTRAL,0.0,431.0400085449219,2,2
2026-04-24,SPY,BUY,0.7,0.3,neutral,70.45,overbought,uptrend,high,18.709999084472656,NEUTRAL,0.0,713.9400024414062,0,0
2026-04-24,IWM,BUY,0.65,0.35,bullish,69.48,neutral,uptrend,high,18.709999084472656,NEUTRAL,0.0,276.6499938964844,21,7
2026-04-24,GLD,SELL,0.4,0.6,neutral,47.47,neutral,downtrend,high,18.709999084472656,NEUTRAL,0.0,433.25,4,3
2026-04-27,SPY,BUY,0.85,0.15,bullish,70.97,overbought,uptrend,high,18.020000457763672,NEUTRAL,0.0,715.1699829101562,46,10
2026-04-27,IWM,SELL,0.4,0.6,neutral,69.93,neutral,uptrend,high,18.020000457763672,NEUTRAL,0.0,277.1400146484375,25,9
2026-04-27,GLD,SELL,0.4,0.6,neutral,45.49,neutral,downtrend,high,18.020000457763672,NEUTRAL,0.0,429.8900146484375,10,10
2026-04-28,SPY,HOLD,0.44,0.56,neutral,67.36,neutral,uptrend,high,17.829999923706055,RISK_ON,0.04,711.6900024414062,54,10
2026-04-28,IWM,HOLD,0.44,0.56,neutral,63.31,neutral,uptrend,high,17.829999923706055,RISK_ON,0.04,273.9100036621094,16,10
2026-04-28,GLD,HOLD,0.44,0.56,neutral,41.09,neutral,downtrend,high,17.829999923706055,RISK_ON,0.04,421.9100036621094,6,6
2026-04-29,SPY,SELL,0.4,0.6,neutral,67.24,neutral,uptrend,high,18.809999465942383,NEUTRAL,0.0,711.5800170898438,78,7
2026-04-29,IWM,SELL,0.4,0.6,neutral,59.86,neutral,uptrend,high,18.809999465942383,NEUTRAL,0.0,272.0799865722656,19,6
2026-04-29,GLD,SELL,0.4,0.6,neutral,38.82,neutral,downtrend,high,18.809999465942383,NEUTRAL,0.0,417.4100036621094,3,3
2026-04-30,SPY,BUY,0.74,0.26,neutral,70.75,overbought,uptrend,high,16.889999389648438,RISK_ON,0.04,718.6599731445312,50,9
2026-04-30,IWM,HOLD,0.44,0.56,neutral,66.24,neutral,uptrend,high,16.889999389648438,RISK_ON,0.04,277.9700012207031,21,9
2026-04-30,GLD,SELL,0.19,0.81,bearish,43.5,neutral,downtrend,high,16.889999389648438,RISK_ON,0.04,423.6600036621094,6,5
2026-05-01,SPY,BUY,0.74,0.26,neutral,71.67,overbought,uptrend,high,16.989999771118164,RISK_ON,0.04,720.6500244140625,0,0
2026-05-01,IWM,HOLD,0.44,0.56,neutral,67.48,neutral,uptrend,high,16.989999771118164,RISK_ON,0.04,279.2799987792969,0,0
2026-05-01,GLD,HOLD,0.44,0.56,neutral,43.23,neutral,downtrend,high,16.989999771118164,RISK_ON,0.04,423.17999267578125,7,7
2026-05-04,SPY,SELL,0.4,0.6,neutral,68.59,neutral,uptrend,high,18.290000915527344,NEUTRAL,0.0,718.010009765625,0,0
2026-05-04,IWM,SELL,0.4,0.6,neutral,64.75,neutral,uptrend,high,18.290000915527344,NEUTRAL,0.0,277.8800048828125,0,0
2026-05-04,GLD,SELL,0.4,0.6,neutral,38.61,neutral,downtrend,high,18.290000915527344,NEUTRAL,0.0,414.7099914550781,7,6
2026-05-05,SPY,BUY,0.74,0.26,neutral,71.47,overbought,uptrend,high,17.3799991607666,RISK_ON,0.04,723.77001953125,0,0
2026-05-05,IWM,HOLD,0.44,0.56,neutral,69.23,neutral,uptrend,high,17.3799991607666,RISK_ON,0.04,282.55999755859375,0,0
2026-05-05,GLD,SELL,0.19,0.81,bearish,41.44,neutral,downtrend,high,17.3799991607666,RISK_ON,0.04,418.2699890136719,5,5
2026-05-06,SPY,BUY,0.74,0.26,neutral,75.66,overbought,uptrend,high,17.389999389648438,RISK_ON,0.04,733.8300170898438,0,0
2026-05-06,IWM,BUY,0.89,0.11,bullish,72.63,overbought,uptrend,high,17.389999389648438,RISK_ON,0.04,286.79998779296875,3,3
2026-05-06,GLD,BUY,0.64,0.36,bullish,50.24,neutral,downtrend,high,17.389999389648438,RISK_ON,0.04,430.9599914550781,3,2
2026-05-07,SPY,BUY,0.74,0.26,neutral,73.07,overbought,uptrend,high,17.079999923706055,RISK_ON,0.04,731.5800170898438,0,0
2026-05-07,IWM,HOLD,0.44,0.56,neutral,64.43,neutral,uptrend,high,17.079999923706055,RISK_ON,0.04,282.260009765625,16,9
2026-05-07,GLD,HOLD,0.44,0.56,neutral,50.7,neutral,downtrend,high,17.079999923706055,RISK_ON,0.04,431.67999267578125,5,4
2026-05-08,SPY,BUY,0.74,0.26,neutral,75.5,overbought,uptrend,high,17.190000534057617,RISK_ON,0.04,737.6199951171875,0,0
2026-05-08,IWM,BUY,0.69,0.31,bullish,66.16,neutral,uptrend,high,17.190000534057617,RISK_ON,0.04,284.1700134277344,23,8
2026-05-08,GLD,HOLD,0.44,0.56,neutral,52.06,neutral,downtrend,high,17.190000534057617,RISK_ON,0.04,433.7699890136719,8,8
2026-05-11,SPY,BUY,0.7,0.3,neutral,76.14,overbought,uptrend,high,18.3799991607666,NEUTRAL,0.0,739.2999877929688,0,0
2026-05-11,IWM,SELL,0.4,0.6,neutral,67.2,neutral,uptrend,high,18.3799991607666,NEUTRAL,0.0,285.3299865722656,21,10
2026-05-11,GLD,BUY,0.6,0.4,bullish,52.65,neutral,downtrend,high,18.3799991607666,NEUTRAL,0.0,434.6499938964844,3,3
2026-05-12,SPY,BUY,0.74,0.26,neutral,74.73,overbought,uptrend,high,17.989999771118164,RISK_ON,0.04,738.1799926757812,0,0
2026-05-12,IWM,HOLD,0.44,0.56,neutral,62.28,neutral,uptrend,high,17.989999771118164,RISK_ON,0.04,282.57000732421875,24,10
2026-05-12,GLD,BUY,0.64,0.36,bullish,51.32,neutral,downtrend,high,17.989999771118164,RISK_ON,0.04,432.92999267578125,5,5
2026-05-13,SPY,BUY,0.74,0.26,neutral,76.46,overbought,uptrend,high,17.8700008392334,RISK_ON,0.04,742.3099975585938,0,0
2026-05-13,IWM,HOLD,0.44,0.56,neutral,62.39,neutral,uptrend,high,17.8700008392334,RISK_ON,0.04,282.6700134277344,21,9
2026-05-13,GLD,HOLD,0.44,0.56,neutral,49.41,neutral,downtrend,high,17.8700008392334,RISK_ON,0.04,430.5,3,3
2026-05-14,SPY,BUY,0.74,0.26,neutral,78.69,overbought,uptrend,high,17.260000228881836,RISK_ON,0.04,748.1699829101562,0,0
2026-05-14,IWM,HOLD,0.44,0.56,neutral,64.33,neutral,uptrend,high,17.260000228881836,RISK_ON,0.04,284.45001220703125,25,10
2026-05-14,GLD,HOLD,0.44,0.56,neutral,46.86,neutral,downtrend,high,17.260000228881836,RISK_ON,0.04,427.2099914550781,4,4
2026-05-15,SPY,SELL,0.4,0.6,neutral,68.04,neutral,uptrend,high,18.43000030517578,NEUTRAL,0.0,739.1699829101562,0,0
2026-05-15,IWM,SELL,0.15,0.85,bearish,52.96,neutral,uptrend,high,18.43000030517578,NEUTRAL,0.0,277.6000061035156,18,9
2026-05-15,GLD,SELL,0.4,0.6,neutral,40.15,neutral,downtrend,high,18.43000030517578,NEUTRAL,0.0,417.2900085449219,6,6
2026-05-18,SPY,HOLD,0.44,0.56,neutral,67.47,neutral,uptrend,high,17.81999969482422,RISK_ON,0.04,738.6500244140625,54,7
2026-05-18,IWM,HOLD,0.44,0.56,neutral,50.66,neutral,uptrend,high,17.81999969482422,RISK_ON,0.04,275.9700012207031,20,10
2026-05-18,GLD,HOLD,0.44,0.56,neutral,41.19,neutral,downtrend,high,17.81999969482422,RISK_ON,0.04,418.42999267578125,2,1
2026-05-19,SPY,SELL,0.4,0.6,neutral,62.18,neutral,uptrend,high,18.059999465942383,NEUTRAL,0.0,733.72998046875,66,7
2026-05-19,IWM,SELL,0.4,0.6,neutral,46.69,neutral,uptrend,high,18.059999465942383,NEUTRAL,0.0,273.0,23,10
2026-05-19,GLD,SELL,0.15,0.85,bearish,36.98,neutral,downtrend,high,18.059999465942383,NEUTRAL,0.0,411.5,5,4
2026-05-20,SPY,HOLD,0.44,0.56,neutral,66.5,neutral,uptrend,high,17.440000534057617,RISK_ON,0.04,741.25,60,9
2026-05-20,IWM,HOLD,0.44,0.56,neutral,55.4,neutral,uptrend,high,17.440000534057617,RISK_ON,0.04,279.8699951171875,14,7
2026-05-20,GLD,HOLD,0.44,0.56,neutral,42.38,neutral,downtrend,high,17.440000534057617,RISK_ON,0.04,417.3999938964844,6,5
2026-05-21,SPY,SELL,0.19,0.81,bearish,67.29,neutral,uptrend,high,16.760000228881836,RISK_ON,0.04,742.719970703125,57,9
2026-05-21,IWM,BUY,0.69,0.31,bullish,58.21,neutral,uptrend,high,16.760000228881836,RISK_ON,0.04,282.489990234375,11,8
2026-05-21,GLD,HOLD,0.44,0.56,neutral,42.11,neutral,downtrend,high,16.760000228881836,RISK_ON,0.04,416.989990234375,1,0
2026-05-22,SPY,SELL,0.19,0.81,bearish,67.29,neutral,uptrend,high,16.950000762939453,RISK_ON,0.04,742.719970703125,9,9
2026-05-22,IWM,HOLD,0.44,0.56,neutral,58.21,neutral,uptrend,high,16.950000762939453,RISK_ON,0.04,282.489990234375,6,6
2026-05-22,GLD,HOLD,0.44,0.56,neutral,42.11,neutral,downtrend,high,16.950000762939453,RISK_ON,0.04,416.989990234375,0,0
